date,asset,price,volume,market_cap
2024-01-01,Amazon,230.58,14950,4096250
2024-01-02,Amazon,240.32,15100,4269395
2024-01-03,Amazon,243.67,15249,4328844
2024-01-04,Amazon,250.11,15398,4443320
2024-01-05,Amazon,258.48,15548,4591978
2024-01-06,Amazon,266.37,15698,4732185
2024-01-07,Amazon,270.91,15847,4812862
2024-01-08,Amazon,275.42,15997,4892932
2024-01-09,Amazon,279.44,16146,4964273
2024-01-10,Amazon,271.7,16296,4826877
2024-01-11,Amazon,276.95,16445,4920094
2024-01-12,Amazon,267.41,16594,4750687
2024-01-13,Amazon,262.13,16744,4656787
2024-01-14,Amazon,271.32,16894,4820084
2024-01-15,Amazon,277.55,14950,4930742
2024-01-16,Amazon,288.62,15100,5127333
2024-01-17,Amazon,286.85,15249,5096058
2024-01-18,Amazon,278.5,15398,4947701
2024-01-19,Amazon,277.03,15548,4921561
2024-01-20,Amazon,278.05,15698,4939605
2024-01-21,Amazon,278.9,15847,4954741
2024-01-22,Amazon,287.44,15997,5106489
2024-01-23,Amazon,285.02,16146,5063384
2024-01-24,Amazon,287.92,16296,5115029
2024-01-25,Amazon,280.77,16445,4987992
2024-01-26,Amazon,284.36,16594,5051680
2024-01-27,Amazon,284.66,16744,5057142
2024-01-28,Amazon,279.37,16894,4963105
2024-01-29,Amazon,277.93,14950,4937480
2024-01-30,Amazon,276.87,15100,4918653
2024-01-31,Amazon,275.19,15249,4888846
2024-02-01,Amazon,288.2,15398,5120044
2024-02-02,Amazon,287.75,15548,5111991
2024-02-03,Amazon,286.21,15698,5084521
2024-02-04,Amazon,270.8,15847,4810906
2024-02-05,Amazon,264.75,15997,4703293
2024-02-06,Amazon,263.19,16146,4675662
2024-02-07,Amazon,258.74,16296,4596533
2024-02-08,Amazon,268.34,16445,4767103
2024-02-09,Amazon,267.45,16594,4751322
2024-02-10,Amazon,276.72,16744,4916057
2024-02-11,Amazon,277.45,16894,4928900
2024-02-12,Amazon,277.99,14950,4938624
2024-02-13,Amazon,277.63,15100,4932103
2024-02-14,Amazon,277.93,15249,4937524
2024-02-15,Amazon,290.69,15398,5164244
2024-02-16,Amazon,273.36,15548,4856357
2024-02-17,Amazon,259.34,15698,4607192
2024-02-18,Amazon,255.91,15847,4546401
2024-02-19,Amazon,256.27,15997,4552674
2024-02-20,Amazon,261.15,16146,4639332
2024-02-21,Amazon,264.64,16296,4701329
2024-02-22,Amazon,262.24,16445,4658822
2024-02-23,Amazon,269.49,16594,4787549
2024-02-24,Amazon,277.01,16744,4921229
2024-02-25,Amazon,278.62,16894,4949821
2024-02-26,Amazon,285.91,14950,5079296
2024-02-27,Amazon,288.23,15100,5120565
2024-02-28,Amazon,284.29,15249,5050550
2024-02-29,Amazon,289.76,15398,5147703
2024-03-01,Amazon,290.89,15548,5167731
2024-03-02,Amazon,291.19,15698,5173080
2024-03-03,Amazon,302.69,15847,5377381
2024-03-04,Amazon,283.61,15997,5038341
2024-03-05,Amazon,273.38,16146,4856716
2024-03-06,Amazon,265.17,16296,4710907
2024-03-07,Amazon,262.92,16445,4670897
2024-03-08,Amazon,261.44,16594,4644489
2024-03-09,Amazon,251.4,16744,4466181
2024-03-10,Amazon,245.18,16894,4355663
2024-03-11,Amazon,239.91,14950,4262031
2024-03-12,Amazon,255.55,15100,4540003
2024-03-13,Amazon,267.84,15249,4758311
2024-03-14,Amazon,265.23,15398,4711868
2024-03-15,Amazon,262.97,15548,4671810
2024-03-16,Amazon,255.34,15698,4536176
2024-03-17,Amazon,242.86,15847,4314513
2024-03-18,Amazon,242.36,15997,4305649
2024-03-19,Amazon,236.29,16146,4197675
2024-03-20,Amazon,236.0,16296,4192565
2024-03-21,Amazon,226.36,16445,4021430
2024-03-22,Amazon,222.08,16594,3945374
2024-03-23,Amazon,223.17,16744,3964643
2024-03-24,Amazon,225.53,16894,4006551
2024-03-25,Amazon,228.21,14950,4054268
2024-03-26,Amazon,220.57,15100,3918415
2024-03-27,Amazon,225.71,15249,4009854
2024-03-28,Amazon,221.22,15398,3930009
2024-03-29,Amazon,225.1,15548,3998936
2024-03-30,Amazon,225.26,15698,4001823
2024-03-31,Amazon,217.38,15847,3861882
2024-04-01,Amazon,215.8,15997,3833832
2024-04-02,Amazon,218.08,16146,3874272
2024-04-03,Amazon,221.79,16296,3940207
2024-04-04,Amazon,221.2,16445,3929630
2024-04-05,Amazon,230.27,16594,4090864
2024-04-06,Amazon,236.57,16744,4202665
2024-04-07,Amazon,235.22,16894,4178680
2024-04-08,Amazon,240.06,14950,4264774
2024-04-09,Amazon,252.43,15100,4484564
2024-04-10,Amazon,265.62,15249,4718810
2024-04-11,Amazon,257.36,15398,4572095
2024-04-12,Amazon,251.39,15548,4465961
2024-04-13,Amazon,261.39,15698,4643732
2024-04-14,Amazon,254.43,15847,4519947
2024-04-15,Amazon,245.89,15997,4368247
2024-04-16,Amazon,243.01,16146,4317114
2024-04-17,Amazon,245.92,16296,4368841
2024-04-18,Amazon,245.51,16445,4361519
2024-04-19,Amazon,241.58,16594,4291729
2024-04-20,Amazon,237.56,16744,4220403
2024-04-21,Amazon,233.38,16894,4146058
2024-04-22,Amazon,228.25,14950,4054909
2024-04-23,Amazon,242.09,15100,4300744
2024-04-24,Amazon,244.21,15249,4338482
2024-04-25,Amazon,250.11,15398,4443360
2024-04-26,Amazon,247.17,15548,4391012
2024-04-27,Amazon,246.21,15698,4374064
2024-04-28,Amazon,241.87,15847,4296873
2024-04-29,Amazon,225.35,15997,4003407
2024-04-30,Amazon,217.46,16146,3863240
2024-05-01,Amazon,207.39,16296,3684305
2024-05-02,Amazon,195.4,16445,3471374
2024-05-03,Amazon,189.49,16594,3366404
2024-05-04,Amazon,196.24,16744,3486334
2024-05-05,Amazon,196.21,16894,3485771
2024-05-06,Amazon,203.03,14950,3606820
2024-05-07,Amazon,205.41,15100,3649166
2024-05-08,Amazon,209.82,15249,3727443
2024-05-09,Amazon,205.09,15398,3643414
2024-05-10,Amazon,208.1,15548,3696945
2024-05-11,Amazon,212.27,15698,3771045
2024-05-12,Amazon,209.28,15847,3717988
2024-05-13,Amazon,212.55,15997,3776073
2024-05-14,Amazon,215.91,16146,3835721
2024-05-15,Amazon,213.03,16296,3784469
2024-05-16,Amazon,206.99,16445,3677212
2024-05-17,Amazon,200.79,16594,3567097
2024-05-18,Amazon,201.45,16744,3578728
2024-05-19,Amazon,203.37,16894,3612890
2024-05-20,Amazon,199.36,14950,3541675
2024-05-21,Amazon,199.7,15100,3547678
2024-05-22,Amazon,202.87,15249,3604121
2024-05-23,Amazon,206.35,15398,3665951
2024-05-24,Amazon,214.93,15548,3818292
2024-05-25,Amazon,222.32,15698,3949533
2024-05-26,Amazon,216.72,15847,3850135
2024-05-27,Amazon,226.47,15997,4023382
2024-05-28,Amazon,223.56,16146,3971576
2024-05-29,Amazon,229.89,16296,4083995
2024-05-30,Amazon,230.52,16445,4095336
2024-05-31,Amazon,228.27,16594,4055321
2024-06-01,Amazon,217.72,16744,3867799
2024-06-02,Amazon,216.96,16894,3854325
2024-06-03,Amazon,208.33,14950,3701109
2024-06-04,Amazon,213.81,15100,3798369
2024-06-05,Amazon,222.5,15249,3952730
2024-06-06,Amazon,218.09,15398,3874364
2024-06-07,Amazon,220.03,15548,3908813
2024-06-08,Amazon,216.07,15698,3838623
2024-06-09,Amazon,212.74,15847,3779414
2024-06-10,Amazon,217.26,15997,3859689
2024-06-11,Amazon,217.26,16146,3859662
2024-06-12,Amazon,227.35,16296,4038992
2024-06-13,Amazon,224.72,16445,3992130
2024-06-14,Amazon,230.81,16594,4100381
2024-06-15,Amazon,231.63,16744,4114920
2024-06-16,Amazon,236.68,16894,4204609
2024-06-17,Amazon,234.15,14950,4159680
2024-06-18,Amazon,234.08,15100,4158453
2024-06-19,Amazon,233.6,15249,4150059
2024-06-20,Amazon,228.73,15398,4063535
2024-06-21,Amazon,232.92,15548,4137907
2024-06-22,Amazon,237.11,15698,4212361
2024-06-23,Amazon,241.03,15847,4281914
2024-06-24,Amazon,250.95,15997,4458183
2024-06-25,Amazon,260.71,16146,4631499
2024-06-26,Amazon,258.41,16296,4590749
2024-06-27,Amazon,261.19,16445,4640095
2024-06-28,Amazon,257.19,16594,4569117
2024-06-29,Amazon,257.61,16744,4576475
2024-06-30,Amazon,253.83,16894,4509322
2024-07-01,Amazon,264.83,14950,4704746
2024-07-02,Amazon,267.61,15100,4754168
2024-07-03,Amazon,266.35,15249,4731833
2024-07-04,Amazon,274.93,15398,4884166
2024-07-05,Amazon,259.61,15548,4611995
2024-07-06,Amazon,246.2,15698,4373854
2024-07-07,Amazon,251.57,15847,4469195
2024-07-08,Amazon,252.22,15997,4480726
2024-07-09,Amazon,254.12,16146,4514533
2024-07-10,Amazon,245.57,16296,4362560
2024-07-11,Amazon,245.66,16445,4364274
2024-07-12,Amazon,258.77,16594,4597144
2024-07-13,Amazon,264.6,16744,4700759
2024-07-14,Amazon,266.04,16894,4726308
2024-07-15,Amazon,263.26,14950,4676805
2024-07-16,Amazon,260.8,15100,4633257
2024-07-17,Amazon,246.55,15249,4380082
2024-07-18,Amazon,248.46,15398,4413954
2024-07-19,Amazon,254.2,15548,4515895
2024-07-20,Amazon,243.99,15698,4334464
2024-07-21,Amazon,240.01,15847,4263877
2024-07-22,Amazon,232.99,15997,4139166
2024-07-23,Amazon,227.35,16146,4038883
2024-07-24,Amazon,227.89,16296,4048567
2024-07-25,Amazon,215.71,16445,3832082
2024-07-26,Amazon,219.38,16594,3897430
2024-07-27,Amazon,223.93,16744,3978109
2024-07-28,Amazon,222.68,16894,3955982
2024-07-29,Amazon,208.47,14950,3703476
2024-07-30,Amazon,203.25,15100,3610742
2024-07-31,Amazon,210.0,15249,3730690
2024-08-01,Amazon,194.96,15398,3463580
2024-08-02,Amazon,193.39,15548,3435588
2024-08-03,Amazon,187.62,15698,3333079
2024-08-04,Amazon,191.75,15847,3406494
2024-08-05,Amazon,188.56,15997,3349800
2024-08-06,Amazon,190.74,16146,3388512
2024-08-07,Amazon,193.75,16296,3441974
2024-08-08,Amazon,203.24,16445,3610584
2024-08-09,Amazon,202.36,16594,3595046
2024-08-10,Amazon,204.55,16744,3633971
2024-08-11,Amazon,196.82,16894,3496573
2024-08-12,Amazon,203.14,14950,3608845
2024-08-13,Amazon,199.31,15100,3540730
2024-08-14,Amazon,196.58,15249,3492384
2024-08-15,Amazon,196.67,15398,3493846
2024-08-16,Amazon,188.83,15548,3354639
2024-08-17,Amazon,190.15,15698,3378050
2024-08-18,Amazon,195.15,15847,3466835
2024-08-19,Amazon,196.84,15997,3496842
2024-08-20,Amazon,188.86,16146,3355139
2024-08-21,Amazon,188.44,16296,3347638
2024-08-22,Amazon,192.28,16445,3415902
2024-08-23,Amazon,183.04,16594,3251673
2024-08-24,Amazon,178.08,16744,3163594
2024-08-25,Amazon,182.33,16894,3239226
2024-08-26,Amazon,183.8,14950,3265329
2024-08-27,Amazon,185.97,15100,3303750
2024-08-28,Amazon,195.19,15249,3467598
2024-08-29,Amazon,197.77,15398,3513526
2024-08-30,Amazon,201.37,15548,3577446
2024-08-31,Amazon,215.84,15698,3834452
2024-09-01,Amazon,214.85,15847,3816862
2024-09-02,Amazon,210.58,15997,3741092
2024-09-03,Amazon,213.15,16146,3786658
2024-09-04,Amazon,215.81,16296,3833886
2024-09-05,Amazon,213.05,16445,3784947
2024-09-06,Amazon,207.52,16594,3686615
2024-09-07,Amazon,220.25,16744,3912839
2024-09-08,Amazon,222.35,16894,3950173
2024-09-09,Amazon,218.32,14950,3878529
2024-09-10,Amazon,223.76,15100,3975245
2024-09-11,Amazon,223.35,15249,3967882
2024-09-12,Amazon,222.1,15398,3945627
2024-09-13,Amazon,225.58,15548,4007550
2024-09-14,Amazon,218.19,15698,3876258
2024-09-15,Amazon,220.42,15847,3915855
2024-09-16,Amazon,231.66,15997,4115532
2024-09-17,Amazon,234.72,16146,4169786
2024-09-18,Amazon,232.64,16296,4132960
2024-09-19,Amazon,229.79,16445,4082321
2024-09-20,Amazon,227.56,16594,4042627
2024-09-21,Amazon,226.27,16744,4019839
2024-09-22,Amazon,224.27,16894,3984170
2024-09-23,Amazon,229.86,14950,4083560
2024-09-24,Amazon,219.68,15100,3902681
2024-09-25,Amazon,224.85,15249,3994499
2024-09-26,Amazon,222.84,15398,3958858
2024-09-27,Amazon,225.26,15548,4001815
2024-09-28,Amazon,218.85,15698,3887956
2024-09-29,Amazon,226.67,15847,4026839
2024-09-30,Amazon,234.27,15997,4161950
2024-10-01,Amazon,240.38,16146,4270482
2024-10-02,Amazon,231.11,16296,4105703
2024-10-03,Amazon,236.35,16445,4198770
2024-10-04,Amazon,239.08,16594,4247392
2024-10-05,Amazon,229.29,16744,4073458
2024-10-06,Amazon,229.38,16894,4074945
2024-10-07,Amazon,231.79,14950,4117839
2024-10-08,Amazon,235.39,15100,4181798
2024-10-09,Amazon,236.72,15249,4205352
2024-10-10,Amazon,238.76,15398,4241563
2024-10-11,Amazon,248.19,15548,4409148
2024-10-12,Amazon,256.39,15698,4554828
2024-10-13,Amazon,237.44,15847,4218110
2024-10-14,Amazon,235.7,15997,4187336
2024-10-15,Amazon,234.92,16146,4173506
2024-10-16,Amazon,224.4,16296,3986583
2024-10-17,Amazon,225.18,16445,4000381
2024-10-18,Amazon,232.75,16594,4134931
2024-10-19,Amazon,226.38,16744,4021652
2024-10-20,Amazon,228.59,16894,4061029
2024-10-21,Amazon,223.35,14950,3967896
2024-10-22,Amazon,219.65,15100,3902190
2024-10-23,Amazon,228.35,15249,4056752
2024-10-24,Amazon,225.34,15398,4003289
2024-10-25,Amazon,228.29,15548,4055649
2024-10-26,Amazon,217.36,15698,3861379
2024-10-27,Amazon,228.15,15847,4053168
2024-10-28,Amazon,231.97,15997,4121055
2024-10-29,Amazon,231.1,16146,4105522
2024-10-30,Amazon,234.81,16296,4171378
2024-10-31,Amazon,226.39,16445,4021863
2024-11-01,Amazon,233.61,16594,4150174
2024-11-02,Amazon,231.87,16744,4119185
2024-11-03,Amazon,230.86,16894,4101337
2024-11-04,Amazon,228.13,14950,4052742
2024-11-05,Amazon,224.89,15100,3995297
2024-11-06,Amazon,229.2,15249,4071823
2024-11-07,Amazon,230.96,15398,4103126
2024-11-08,Amazon,235.13,15548,4177115
2024-11-09,Amazon,235.31,15698,4180332
2024-11-10,Amazon,238.7,15847,4240577
2024-11-11,Amazon,236.33,15997,4198401
2024-11-12,Amazon,250.33,16146,4447240
2024-11-13,Amazon,240.33,16296,4269461
2024-11-14,Amazon,248.49,16445,4414420
2024-11-15,Amazon,257.62,16594,4576640
2024-11-16,Amazon,252.14,16744,4479297
2024-11-17,Amazon,267.08,16894,4744731
2024-11-18,Amazon,274.29,14950,4872912
2024-11-19,Amazon,281.53,15100,5001455
2024-11-20,Amazon,282.02,15249,5010119
2024-11-21,Amazon,280.7,15398,4986687
2024-11-22,Amazon,279.44,15548,4964384
2024-11-23,Amazon,282.57,15698,5020014
2024-11-24,Amazon,293.2,15847,5208855
2024-11-25,Amazon,294.89,15997,5238745
2024-11-26,Amazon,288.16,16146,5119202
2024-11-27,Amazon,294.65,16296,5234614
2024-11-28,Amazon,302.04,16445,5365860
2024-11-29,Amazon,307.51,16594,5463027
2024-11-30,Amazon,313.81,16744,5574922
2024-12-01,Amazon,311.9,16894,5541026
2024-12-02,Amazon,304.64,14950,5412044
2024-12-03,Amazon,298.03,15100,5294664
2024-12-04,Amazon,285.59,15249,5073665
2024-12-05,Amazon,287.65,15398,5110156
2024-12-06,Amazon,287.31,15548,5104122
2024-12-07,Amazon,284.29,15698,5050537
2024-12-08,Amazon,262.62,15847,4665485
2024-12-09,Amazon,254.32,15997,4518072
2024-12-10,Amazon,262.02,16146,4654930
2024-12-11,Amazon,257.73,16296,4578734
2024-12-12,Amazon,260.42,16445,4626460
2024-12-13,Amazon,251.22,16594,4462947
2024-12-14,Amazon,260.91,16744,4635208
2024-12-15,Amazon,260.19,16894,4622397
2024-12-16,Amazon,262.43,14950,4662055
2024-12-17,Amazon,278.64,15100,4950078
2024-12-18,Amazon,289.96,15249,5151197
2024-12-19,Amazon,287.93,15398,5115079
2024-12-20,Amazon,283.75,15548,5040896
2024-12-21,Amazon,281.62,15698,5003052
2024-12-22,Amazon,285.65,15847,5074722
2024-12-23,Amazon,285.15,15997,5065842
2024-12-24,Amazon,282.49,16146,5018582
2024-12-25,Amazon,293.61,16296,5216025
2024-12-26,Amazon,293.02,16445,5205672
2024-12-27,Amazon,310.93,16594,5523717
2024-12-28,Amazon,311.98,16744,5542339
2024-12-29,Amazon,326.84,16894,5806466
2024-12-30,Amazon,330.22,14950,5866493
2024-01-01,Apple,181.26,11500,2825000
2024-01-02,Apple,177.25,11615,2762573
2024-01-03,Apple,180.2,11730,2808527
2024-01-04,Apple,183.94,11845,2866797
2024-01-05,Apple,176.25,11960,2746944
2024-01-06,Apple,171.36,12075,2670660
2024-01-07,Apple,171.9,12190,2679115
2024-01-08,Apple,170.79,12305,2661858
2024-01-09,Apple,170.8,12420,2661955
2024-01-10,Apple,167.71,12535,2613896
2024-01-11,Apple,170.97,12650,2664669
2024-01-12,Apple,173.92,12765,2710571
2024-01-13,Apple,174.23,12880,2715527
2024-01-14,Apple,178.55,12995,2782833
2024-01-15,Apple,180.43,11500,2812091
2024-01-16,Apple,177.15,11615,2760941
2024-01-17,Apple,178.63,11730,2784071
2024-01-18,Apple,175.0,11845,2727432
2024-01-19,Apple,178.39,11960,2780355
2024-01-20,Apple,178.27,12075,2778464
2024-01-21,Apple,177.63,12190,2768464
2024-01-22,Apple,175.09,12305,2728790
2024-01-23,Apple,179.79,12420,2802051
2024-01-24,Apple,179.26,12535,2793804
2024-01-25,Apple,177.67,12650,2769034
2024-01-26,Apple,176.39,12765,2749048
2024-01-27,Apple,178.49,12880,2781804
2024-01-28,Apple,179.97,12995,2804909
2024-01-29,Apple,181.65,11500,2831076
2024-01-30,Apple,183.41,11615,2858594
2024-01-31,Apple,191.99,11730,2992178
2024-02-01,Apple,190.37,11845,2967068
2024-02-02,Apple,188.34,11960,2935375
2024-02-03,Apple,185.1,12075,2884873
2024-02-04,Apple,187.64,12190,2924470
2024-02-05,Apple,192.3,12305,2997065
2024-02-06,Apple,191.9,12420,2990876
2024-02-07,Apple,188.49,12535,2937712
2024-02-08,Apple,185.2,12650,2886490
2024-02-09,Apple,187.88,12765,2928270
2024-02-10,Apple,190.98,12880,2976525
2024-02-11,Apple,193.3,12995,3012690
2024-02-12,Apple,190.6,11500,2970521
2024-02-13,Apple,191.63,11615,2986629
2024-02-14,Apple,192.19,11730,2995362
2024-02-15,Apple,193.18,11845,3010731
2024-02-16,Apple,196.89,11960,3068693
2024-02-17,Apple,197.93,12075,3084764
2024-02-18,Apple,200.91,12190,3131305
2024-02-19,Apple,201.29,12305,3137135
2024-02-20,Apple,202.63,12420,3158011
2024-02-21,Apple,205.47,12535,3202403
2024-02-22,Apple,199.08,12650,3102734
2024-02-23,Apple,197.78,12765,3082519
2024-02-24,Apple,195.85,12880,3052385
2024-02-25,Apple,193.22,12995,3011419
2024-02-26,Apple,192.15,11500,2994699
2024-02-27,Apple,198.44,11615,3092746
2024-02-28,Apple,194.8,11730,3036054
2024-02-29,Apple,198.96,11845,3100865
2024-03-01,Apple,191.79,11960,2989215
2024-03-02,Apple,190.48,12075,2968755
2024-03-03,Apple,191.23,12190,2980395
2024-03-04,Apple,193.73,12305,3019384
2024-03-05,Apple,196.79,12420,3067049
2024-03-06,Apple,200.25,12535,3120914
2024-03-07,Apple,198.81,12650,3098618
2024-03-08,Apple,196.91,12765,3068865
2024-03-09,Apple,200.64,12880,3127053
2024-03-10,Apple,199.89,12995,3115363
2024-03-11,Apple,194.45,11500,3030633
2024-03-12,Apple,189.76,11615,2957544
2024-03-13,Apple,186.06,11730,2899900
2024-03-14,Apple,188.14,11845,2932249
2024-03-15,Apple,188.79,11960,2942456
2024-03-16,Apple,191.69,12075,2987586
2024-03-17,Apple,190.0,12190,2961167
2024-03-18,Apple,190.72,12305,2972508
2024-03-19,Apple,193.38,12420,3013925
2024-03-20,Apple,192.16,12535,2994961
2024-03-21,Apple,194.14,12650,3025754
2024-03-22,Apple,191.44,12765,2983637
2024-03-23,Apple,190.01,12880,2961396
2024-03-24,Apple,188.52,12995,2938125
2024-03-25,Apple,183.72,11500,2863291
2024-03-26,Apple,185.72,11615,2894601
2024-03-27,Apple,183.91,11730,2866365
2024-03-28,Apple,184.04,11845,2868286
2024-03-29,Apple,186.02,11960,2899264
2024-03-30,Apple,187.89,12075,2928430
2024-03-31,Apple,190.67,12190,2971755
2024-04-01,Apple,190.34,12305,2966612
2024-04-02,Apple,188.68,12420,2940633
2024-04-03,Apple,188.43,12535,2936737
2024-04-04,Apple,181.63,12650,2830714
2024-04-05,Apple,176.01,12765,2743229
2024-04-06,Apple,171.05,12880,2665830
2024-04-07,Apple,167.42,12995,2609385
2024-04-08,Apple,168.94,11500,2632996
2024-04-09,Apple,165.7,11615,2582473
2024-04-10,Apple,164.41,11730,2562379
2024-04-11,Apple,169.09,11845,2635423
2024-04-12,Apple,167.86,11960,2616166
2024-04-13,Apple,170.6,12075,2658953
2024-04-14,Apple,167.23,12190,2606313
2024-04-15,Apple,166.55,12305,2595772
2024-04-16,Apple,163.19,12420,2543462
2024-04-17,Apple,162.06,12535,2525825
2024-04-18,Apple,165.07,12650,2572751
2024-04-19,Apple,158.97,12765,2477643
2024-04-20,Apple,160.53,12880,2501919
2024-04-21,Apple,161.42,12995,2515787
2024-04-22,Apple,159.41,11500,2484457
2024-04-23,Apple,154.49,11615,2407730
2024-04-24,Apple,154.79,11730,2412450
2024-04-25,Apple,153.08,11845,2385781
2024-04-26,Apple,153.91,11960,2398744
2024-04-27,Apple,154.04,12075,2400838
2024-04-28,Apple,159.44,12190,2484991
2024-04-29,Apple,158.68,12305,2473118
2024-04-30,Apple,155.23,12420,2419348
2024-05-01,Apple,155.9,12535,2429699
2024-05-02,Apple,156.7,12650,2442234
2024-05-03,Apple,161.37,12765,2515022
2024-05-04,Apple,164.35,12880,2561464
2024-05-05,Apple,165.68,12995,2582264
2024-05-06,Apple,171.0,11500,2665041
2024-05-07,Apple,166.67,11615,2597571
2024-05-08,Apple,164.43,11730,2562660
2024-05-09,Apple,161.2,11845,2512317
2024-05-10,Apple,159.9,11960,2492136
2024-05-11,Apple,155.2,12075,2418911
2024-05-12,Apple,157.4,12190,2453116
2024-05-13,Apple,156.7,12305,2442304
2024-05-14,Apple,151.78,12420,2365571
2024-05-15,Apple,148.51,12535,2314545
2024-05-16,Apple,149.57,12650,2331169
2024-05-17,Apple,152.34,12765,2374368
2024-05-18,Apple,158.99,12880,2477881
2024-05-19,Apple,169.07,12995,2635068
2024-05-20,Apple,170.66,11500,2659746
2024-05-21,Apple,167.07,11615,2603873
2024-05-22,Apple,159.43,11730,2484816
2024-05-23,Apple,160.42,11845,2500200
2024-05-24,Apple,157.66,11960,2457231
2024-05-25,Apple,156.31,12075,2436134
2024-05-26,Apple,154.3,12190,2404850
2024-05-27,Apple,153.89,12305,2398487
2024-05-28,Apple,157.5,12420,2454757
2024-05-29,Apple,158.1,12535,2464079
2024-05-30,Apple,157.62,12650,2456609
2024-05-31,Apple,154.15,12765,2402552
2024-06-01,Apple,148.63,12880,2316471
2024-06-02,Apple,147.13,12995,2293028
2024-06-03,Apple,147.01,11500,2291277
2024-06-04,Apple,152.7,11615,2379826
2024-06-05,Apple,153.19,11730,2387485
2024-06-06,Apple,156.5,11845,2439197
2024-06-07,Apple,154.88,11960,2413826
2024-06-08,Apple,150.97,12075,2352915
2024-06-09,Apple,147.88,12190,2304731
2024-06-10,Apple,145.62,12305,2269494
2024-06-11,Apple,152.38,12420,2374902
2024-06-12,Apple,149.73,12535,2333652
2024-06-13,Apple,152.51,12650,2376916
2024-06-14,Apple,149.59,12765,2331438
2024-06-15,Apple,152.66,12880,2379356
2024-06-16,Apple,154.0,12995,2400122
2024-06-17,Apple,153.54,11500,2392949
2024-06-18,Apple,153.46,11615,2391796
2024-06-19,Apple,151.35,11730,2358873
2024-06-20,Apple,152.87,11845,2382579
2024-06-21,Apple,151.43,11960,2360081
2024-06-22,Apple,147.47,12075,2298451
2024-06-23,Apple,143.46,12190,2235827
2024-06-24,Apple,144.05,12305,2245069
2024-06-25,Apple,149.03,12420,2322661
2024-06-26,Apple,149.6,12535,2331629
2024-06-27,Apple,149.28,12650,2326577
2024-06-28,Apple,150.26,12765,2341894
2024-06-29,Apple,154.57,12880,2408996
2024-06-30,Apple,155.36,12995,2421393
2024-07-01,Apple,154.04,11500,2400836
2024-07-02,Apple,157.79,11615,2459255
2024-07-03,Apple,159.32,11730,2483049
2024-07-04,Apple,164.68,11845,2566537
2024-07-05,Apple,165.39,11960,2577738
2024-07-06,Apple,161.08,12075,2510486
2024-07-07,Apple,156.38,12190,2437186
2024-07-08,Apple,162.02,12305,2525205
2024-07-09,Apple,168.13,12420,2620376
2024-07-10,Apple,167.54,12535,2611248
2024-07-11,Apple,166.22,12650,2590646
2024-07-12,Apple,171.54,12765,2673588
2024-07-13,Apple,167.5,12880,2610627
2024-07-14,Apple,164.33,12995,2561141
2024-07-15,Apple,166.68,11500,2597809
2024-07-16,Apple,165.33,11615,2576672
2024-07-17,Apple,165.37,11730,2577417
2024-07-18,Apple,164.85,11845,2569335
2024-07-19,Apple,166.12,11960,2589126
2024-07-20,Apple,171.25,12075,2668996
2024-07-21,Apple,171.65,12190,2675294
2024-07-22,Apple,174.11,12305,2713632
2024-07-23,Apple,166.46,12420,2594363
2024-07-24,Apple,166.35,12535,2592667
2024-07-25,Apple,163.38,12650,2546409
2024-07-26,Apple,159.14,12765,2480286
2024-07-27,Apple,156.18,12880,2434160
2024-07-28,Apple,155.11,12995,2417539
2024-07-29,Apple,158.25,11500,2466407
2024-07-30,Apple,153.77,11615,2396622
2024-07-31,Apple,153.94,11730,2399169
2024-08-01,Apple,152.39,11845,2374999
2024-08-02,Apple,151.37,11960,2359114
2024-08-03,Apple,154.71,12075,2411233
2024-08-04,Apple,156.57,12190,2440267
2024-08-05,Apple,161.17,12305,2511846
2024-08-06,Apple,160.69,12420,2504455
2024-08-07,Apple,158.34,12535,2467751
2024-08-08,Apple,157.63,12650,2456787
2024-08-09,Apple,158.52,12765,2470658
2024-08-10,Apple,159.19,12880,2481084
2024-08-11,Apple,155.52,12995,2423873
2024-08-12,Apple,155.89,11500,2429588
2024-08-13,Apple,156.72,11615,2442555
2024-08-14,Apple,165.32,11730,2576557
2024-08-15,Apple,172.1,11845,2682201
2024-08-16,Apple,168.99,11960,2633765
2024-08-17,Apple,168.01,12075,2618444
2024-08-18,Apple,162.75,12190,2536594
2024-08-19,Apple,160.74,12305,2505194
2024-08-20,Apple,161.9,12420,2523300
2024-08-21,Apple,166.19,12535,2590134
2024-08-22,Apple,163.63,12650,2550317
2024-08-23,Apple,161.38,12765,2515247
2024-08-24,Apple,153.95,12880,2399413
2024-08-25,Apple,153.47,12995,2391929
2024-08-26,Apple,150.01,11500,2337911
2024-08-27,Apple,148.35,11615,2312069
2024-08-28,Apple,145.59,11730,2269135
2024-08-29,Apple,145.35,11845,2265416
2024-08-30,Apple,139.89,11960,2180179
2024-08-31,Apple,135.5,12075,2111858
2024-09-01,Apple,141.8,12190,2209981
2024-09-02,Apple,137.9,12305,2149314
2024-09-03,Apple,134.69,12420,2099177
2024-09-04,Apple,140.09,12535,2183435
2024-09-05,Apple,148.95,12650,2321528
2024-09-06,Apple,145.24,12765,2263618
2024-09-07,Apple,144.14,12880,2246491
2024-09-08,Apple,145.26,12995,2263989
2024-09-09,Apple,150.75,11500,2349561
2024-09-10,Apple,147.6,11615,2300341
2024-09-11,Apple,146.87,11730,2289055
2024-09-12,Apple,149.4,11845,2328464
2024-09-13,Apple,150.86,11960,2351295
2024-09-14,Apple,149.7,12075,2333102
2024-09-15,Apple,149.32,12190,2327281
2024-09-16,Apple,144.94,12305,2258991
2024-09-17,Apple,144.25,12420,2248255
2024-09-18,Apple,143.48,12535,2236198
2024-09-19,Apple,144.26,12650,2248324
2024-09-20,Apple,142.58,12765,2222213
2024-09-21,Apple,144.09,12880,2245770
2024-09-22,Apple,147.31,12995,2295870
2024-09-23,Apple,147.86,11500,2304508
2024-09-24,Apple,149.05,11615,2322966
2024-09-25,Apple,149.28,11730,2326566
2024-09-26,Apple,149.34,11845,2327501
2024-09-27,Apple,147.07,11960,2292101
2024-09-28,Apple,148.13,12075,2308711
2024-09-29,Apple,147.88,12190,2304776
2024-09-30,Apple,154.64,12305,2410063
2024-10-01,Apple,159.96,12420,2493057
2024-10-02,Apple,161.36,12535,2514864
2024-10-03,Apple,158.76,12650,2474356
2024-10-04,Apple,155.0,12765,2415801
2024-10-05,Apple,159.06,12880,2479018
2024-10-06,Apple,160.03,12995,2494101
2024-10-07,Apple,161.75,11500,2521005
2024-10-08,Apple,155.71,11615,2426868
2024-10-09,Apple,158.9,11730,2476530
2024-10-10,Apple,160.53,11845,2501866
2024-10-11,Apple,156.73,11960,2442767
2024-10-12,Apple,155.2,12075,2418826
2024-10-13,Apple,156.14,12190,2433593
2024-10-14,Apple,156.38,12305,2437329
2024-10-15,Apple,155.46,12420,2422898
2024-10-16,Apple,155.17,12535,2418443
2024-10-17,Apple,154.39,12650,2406227
2024-10-18,Apple,154.96,12765,2415131
2024-10-19,Apple,159.96,12880,2492979
2024-10-20,Apple,151.14,12995,2355553
2024-10-21,Apple,150.42,11500,2344426
2024-10-22,Apple,151.06,11615,2354316
2024-10-23,Apple,152.09,11730,2370333
2024-10-24,Apple,150.92,11845,2352210
2024-10-25,Apple,145.25,11960,2263758
2024-10-26,Apple,146.34,12075,2280727
2024-10-27,Apple,151.86,12190,2366865
2024-10-28,Apple,146.89,12305,2289274
2024-10-29,Apple,149.69,12420,2332970
2024-10-30,Apple,148.68,12535,2317323
2024-10-31,Apple,148.55,12650,2315176
2024-11-01,Apple,145.22,12765,2263367
2024-11-02,Apple,144.23,12880,2247896
2024-11-03,Apple,148.34,12995,2312016
2024-11-04,Apple,150.27,11500,2342083
2024-11-05,Apple,155.97,11615,2430791
2024-11-06,Apple,160.0,11730,2493678
2024-11-07,Apple,161.58,11845,2518363
2024-11-08,Apple,167.74,11960,2614380
2024-11-09,Apple,169.4,12075,2640254
2024-11-10,Apple,172.51,12190,2688603
2024-11-11,Apple,171.47,12305,2672429
2024-11-12,Apple,171.78,12420,2677345
2024-11-13,Apple,169.26,12535,2638021
2024-11-14,Apple,172.95,12650,2695551
2024-11-15,Apple,168.61,12765,2627918
2024-11-16,Apple,171.53,12880,2673446
2024-11-17,Apple,170.9,12995,2663489
2024-11-18,Apple,175.29,11500,2732042
2024-11-19,Apple,178.21,11615,2777513
2024-11-20,Apple,185.3,11730,2888021
2024-11-21,Apple,188.31,11845,2934833
2024-11-22,Apple,181.98,11960,2836198
2024-11-23,Apple,181.79,12075,2833225
2024-11-24,Apple,177.25,12190,2762523
2024-11-25,Apple,175.33,12305,2732655
2024-11-26,Apple,181.14,12420,2823086
2024-11-27,Apple,183.71,12535,2863151
2024-11-28,Apple,181.0,12650,2821005
2024-11-29,Apple,177.11,12765,2760269
2024-11-30,Apple,177.3,12880,2763330
2024-12-01,Apple,172.71,12995,2691710
2024-12-02,Apple,170.27,11500,2653706
2024-12-03,Apple,171.49,11615,2672679
2024-12-04,Apple,175.84,11730,2740547
2024-12-05,Apple,178.23,11845,2777735
2024-12-06,Apple,169.46,11960,2641159
2024-12-07,Apple,170.65,12075,2659606
2024-12-08,Apple,170.98,12190,2664814
2024-12-09,Apple,172.58,12305,2689741
2024-12-10,Apple,178.68,12420,2784860
2024-12-11,Apple,170.78,12535,2661673
2024-12-12,Apple,168.66,12650,2628702
2024-12-13,Apple,170.89,12765,2663357
2024-12-14,Apple,165.11,12880,2573295
2024-12-15,Apple,170.45,12995,2656489
2024-12-16,Apple,171.87,11500,2678720
2024-12-17,Apple,175.09,11615,2728851
2024-12-18,Apple,173.0,11730,2696237
2024-12-19,Apple,176.11,11845,2744781
2024-12-20,Apple,180.25,11960,2809323
2024-12-21,Apple,181.23,12075,2824600
2024-12-22,Apple,182.22,12190,2840053
2024-12-23,Apple,183.36,12305,2857799
2024-12-24,Apple,180.01,12420,2805567
2024-12-25,Apple,179.51,12535,2797735
2024-12-26,Apple,178.99,12650,2789623
2024-12-27,Apple,180.54,12765,2813876
2024-12-28,Apple,184.52,12880,2875864
2024-12-29,Apple,180.37,12995,2811159
2024-12-30,Apple,179.95,11500,2804681
2024-01-01,Google,211.27,13800,3672500
2024-01-02,Google,211.74,13938,3680710
2024-01-03,Google,214.77,14076,3733407
2024-01-04,Google,213.95,14214,3719135
2024-01-05,Google,215.59,14352,3747592
2024-01-06,Google,216.6,14490,3765187
2024-01-07,Google,220.93,14628,3840336
2024-01-08,Google,225.49,14766,3919751
2024-01-09,Google,216.68,14904,3766478
2024-01-10,Google,204.86,15042,3560989
2024-01-11,Google,210.07,15180,3651709
2024-01-12,Google,216.39,15318,3761471
2024-01-13,Google,211.12,15456,3669912
2024-01-14,Google,201.62,15594,3504715
2024-01-15,Google,202.27,13800,3516069
2024-01-16,Google,207.07,13938,3599504
2024-01-17,Google,216.41,14076,3761771
2024-01-18,Google,219.33,14214,3812623
2024-01-19,Google,217.5,14352,3780763
2024-01-20,Google,212.89,14490,3700608
2024-01-21,Google,213.12,14628,3704612
2024-01-22,Google,211.72,14766,3680266
2024-01-23,Google,206.59,14904,3591187
2024-01-24,Google,217.18,15042,3775299
2024-01-25,Google,226.91,15180,3944336
2024-01-26,Google,233.44,15318,4057872
2024-01-27,Google,228.33,15456,3969071
2024-01-28,Google,233.32,15594,4055842
2024-01-29,Google,237.19,13800,4122991
2024-01-30,Google,239.96,13938,4171236
2024-01-31,Google,247.54,14076,4302977
2024-02-01,Google,251.61,14214,4373767
2024-02-02,Google,256.4,14352,4456995
2024-02-03,Google,260.63,14490,4530486
2024-02-04,Google,263.02,14628,4572143
2024-02-05,Google,251.68,14766,4374919
2024-02-06,Google,252.4,14904,4387430
2024-02-07,Google,249.14,15042,4330829
2024-02-08,Google,241.49,15180,4197757
2024-02-09,Google,251.68,15318,4375023
2024-02-10,Google,262.61,15456,4564858
2024-02-11,Google,271.61,15594,4721351
2024-02-12,Google,273.53,13800,4754810
2024-02-13,Google,282.85,13938,4916807
2024-02-14,Google,283.16,14076,4922201
2024-02-15,Google,284.8,14214,4950727
2024-02-16,Google,277.36,14352,4821336
2024-02-17,Google,280.29,14490,4872342
2024-02-18,Google,280.94,14628,4883488
2024-02-19,Google,272.15,14766,4730691
2024-02-20,Google,272.02,14904,4728509
2024-02-21,Google,271.7,15042,4723005
2024-02-22,Google,283.95,15180,4935917
2024-02-23,Google,290.43,15318,5048591
2024-02-24,Google,290.75,15456,5054053
2024-02-25,Google,292.76,15594,5089070
2024-02-26,Google,293.32,13800,5098684
2024-02-27,Google,292.08,13938,5077277
2024-02-28,Google,284.53,14076,4945960
2024-02-29,Google,283.7,14214,4931513
2024-03-01,Google,278.71,14352,4844823
2024-03-02,Google,270.35,14490,4699482
2024-03-03,Google,273.97,14628,4762422
2024-03-04,Google,276.83,14766,4812133
2024-03-05,Google,264.87,14904,4604189
2024-03-06,Google,264.28,15042,4593958
2024-03-07,Google,270.97,15180,4710311
2024-03-08,Google,278.26,15318,4836981
2024-03-09,Google,285.51,15456,4963080
2024-03-10,Google,286.02,15594,4971808
2024-03-11,Google,280.29,13800,4872291
2024-03-12,Google,273.03,13938,4746123
2024-03-13,Google,275.57,14076,4790208
2024-03-14,Google,278.36,14214,4838795
2024-03-15,Google,287.41,14352,4996110
2024-03-16,Google,295.43,14490,5135481
2024-03-17,Google,294.71,14628,5122862
2024-03-18,Google,285.91,14766,4969951
2024-03-19,Google,283.89,14904,4934860
2024-03-20,Google,285.64,15042,4965215
2024-03-21,Google,284.44,15180,4944470
2024-03-22,Google,280.62,15318,4878039
2024-03-23,Google,282.59,15456,4912329
2024-03-24,Google,279.31,15594,4855277
2024-03-25,Google,275.21,13800,4784043
2024-03-26,Google,277.55,13938,4824574
2024-03-27,Google,275.02,14076,4780659
2024-03-28,Google,276.89,14214,4813230
2024-03-29,Google,278.98,14352,4849473
2024-03-30,Google,271.37,14490,4717239
2024-03-31,Google,268.37,14628,4665092
2024-04-01,Google,278.09,14766,4834048
2024-04-02,Google,270.35,14904,4699537
2024-04-03,Google,256.47,15042,4458262
2024-04-04,Google,244.92,15180,4257358
2024-04-05,Google,245.29,15318,4263817
2024-04-06,Google,245.67,15456,4270475
2024-04-07,Google,245.16,15594,4261520
2024-04-08,Google,252.68,13800,4392388
2024-04-09,Google,236.25,13938,4106705
2024-04-10,Google,238.74,14076,4150044
2024-04-11,Google,248.12,14214,4312988
2024-04-12,Google,241.42,14352,4196620
2024-04-13,Google,239.36,14490,4160714
2024-04-14,Google,235.11,14628,4086877
2024-04-15,Google,230.12,14766,4000110
2024-04-16,Google,228.45,14904,3971162
2024-04-17,Google,236.67,15042,4113979
2024-04-18,Google,247.57,15180,4303472
2024-04-19,Google,245.72,15318,4271303
2024-04-20,Google,257.45,15456,4475162
2024-04-21,Google,257.88,15594,4482664
2024-04-22,Google,269.22,13800,4679898
2024-04-23,Google,268.82,13938,4672886
2024-04-24,Google,269.9,14076,4691710
2024-04-25,Google,272.55,14214,4737702
2024-04-26,Google,294.11,14352,5112480
2024-04-27,Google,300.51,14490,5223779
2024-04-28,Google,295.52,14628,5136948
2024-04-29,Google,302.81,14766,5263674
2024-04-30,Google,300.35,14904,5220969
2024-05-01,Google,296.97,15042,5162160
2024-05-02,Google,303.85,15180,5281828
2024-05-03,Google,304.33,15318,5290098
2024-05-04,Google,306.66,15456,5330632
2024-05-05,Google,307.01,15594,5336733
2024-05-06,Google,309.8,13800,5385249
2024-05-07,Google,313.29,13938,5445932
2024-05-08,Google,298.59,14076,5190443
2024-05-09,Google,303.74,14214,5279821
2024-05-10,Google,296.63,14352,5156325
2024-05-11,Google,286.33,14490,4977253
2024-05-12,Google,286.15,14628,4974073
2024-05-13,Google,286.97,14766,4988343
2024-05-14,Google,282.29,14904,4907116
2024-05-15,Google,288.3,15042,5011495
2024-05-16,Google,279.0,15180,4849814
2024-05-17,Google,276.42,15318,4805077
2024-05-18,Google,272.66,15456,4739693
2024-05-19,Google,272.57,15594,4738046
2024-05-20,Google,274.66,13800,4774383
2024-05-21,Google,268.06,13938,4659666
2024-05-22,Google,273.06,14076,4746529
2024-05-23,Google,273.7,14214,4757692
2024-05-24,Google,261.16,14352,4539767
2024-05-25,Google,248.77,14490,4324372
2024-05-26,Google,248.89,14628,4326519
2024-05-27,Google,247.74,14766,4306430
2024-05-28,Google,247.31,14904,4298904
2024-05-29,Google,247.33,15042,4299380
2024-05-30,Google,248.91,15180,4326708
2024-05-31,Google,254.91,15318,4431171
2024-06-01,Google,248.14,15456,4313434
2024-06-02,Google,241.18,15594,4192358
2024-06-03,Google,234.87,13800,4082803
2024-06-04,Google,236.73,13938,4115127
2024-06-05,Google,244.18,14076,4244618
2024-06-06,Google,241.78,14214,4202913
2024-06-07,Google,227.08,14352,3947271
2024-06-08,Google,217.73,14490,3784743
2024-06-09,Google,213.43,14628,3710106
2024-06-10,Google,210.67,14766,3662102
2024-06-11,Google,208.72,14904,3628191
2024-06-12,Google,209.09,15042,3634542
2024-06-13,Google,207.65,15180,3609539
2024-06-14,Google,213.18,15318,3705728
2024-06-15,Google,209.8,15456,3646983
2024-06-16,Google,205.51,15594,3572433
2024-06-17,Google,208.1,13800,3617432
2024-06-18,Google,200.4,13938,3483486
2024-06-19,Google,202.48,14076,3519712
2024-06-20,Google,203.15,14214,3531420
2024-06-21,Google,202.58,14352,3521419
2024-06-22,Google,210.67,14490,3662009
2024-06-23,Google,207.61,14628,3608811
2024-06-24,Google,218.31,14766,3794852
2024-06-25,Google,217.27,14904,3776815
2024-06-26,Google,210.61,15042,3661029
2024-06-27,Google,211.14,15180,3670263
2024-06-28,Google,205.71,15318,3575895
2024-06-29,Google,202.07,15456,3512537
2024-06-30,Google,204.21,15594,3549700
2024-07-01,Google,207.16,13800,3601121
2024-07-02,Google,204.15,13938,3548811
2024-07-03,Google,209.28,14076,3637967
2024-07-04,Google,215.42,14214,3744608
2024-07-05,Google,223.21,14352,3880091
2024-07-06,Google,226.3,14490,3933796
2024-07-07,Google,234.08,14628,4069062
2024-07-08,Google,223.43,14766,3883797
2024-07-09,Google,221.85,14904,3856489
2024-07-10,Google,217.29,15042,3777211
2024-07-11,Google,218.11,15180,3791326
2024-07-12,Google,215.21,15318,3740990
2024-07-13,Google,214.5,15456,3728671
2024-07-14,Google,224.62,15594,3904530
2024-07-15,Google,223.86,13800,3891330
2024-07-16,Google,226.32,13938,3934108
2024-07-17,Google,225.21,14076,3914746
2024-07-18,Google,225.81,14214,3925179
2024-07-19,Google,226.02,14352,3928901
2024-07-20,Google,228.7,14490,3975433
2024-07-21,Google,235.45,14628,4092730
2024-07-22,Google,245.19,14766,4262089
2024-07-23,Google,247.25,14904,4298006
2024-07-24,Google,251.04,15042,4363862
2024-07-25,Google,244.13,15180,4243640
2024-07-26,Google,243.79,15318,4237848
2024-07-27,Google,249.64,15456,4339397
2024-07-28,Google,255.16,15594,4435435
2024-07-29,Google,256.69,13800,4462104
2024-07-30,Google,262.5,13938,4563102
2024-07-31,Google,265.89,14076,4621917
2024-08-01,Google,273.96,14214,4762273
2024-08-02,Google,276.13,14352,4800027
2024-08-03,Google,273.94,14490,4761809
2024-08-04,Google,276.42,14628,4805013
2024-08-05,Google,256.69,14766,4461983
2024-08-06,Google,259.31,14904,4507636
2024-08-07,Google,236.22,15042,4106131
2024-08-08,Google,226.38,15180,3935092
2024-08-09,Google,229.08,15318,3982032
2024-08-10,Google,231.95,15456,4032059
2024-08-11,Google,225.5,15594,3919829
2024-08-12,Google,221.72,13800,3854206
2024-08-13,Google,229.39,13938,3987410
2024-08-14,Google,226.83,14076,3943057
2024-08-15,Google,239.55,14214,4164067
2024-08-16,Google,239.73,14352,4167202
2024-08-17,Google,242.33,14490,4212421
2024-08-18,Google,252.18,14628,4383567
2024-08-19,Google,253.19,14766,4401222
2024-08-20,Google,247.14,14904,4296073
2024-08-21,Google,246.67,15042,4287898
2024-08-22,Google,246.65,15180,4287566
2024-08-23,Google,238.56,15318,4146857
2024-08-24,Google,237.25,15456,4124041
2024-08-25,Google,233.1,15594,4051942
2024-08-26,Google,238.59,13800,4147446
2024-08-27,Google,238.99,13938,4154300
2024-08-28,Google,237.51,14076,4128684
2024-08-29,Google,237.08,14214,4121188
2024-08-30,Google,238.58,14352,4147136
2024-08-31,Google,242.39,14490,4213466
2024-09-01,Google,236.62,14628,4113075
2024-09-02,Google,230.73,14766,4010834
2024-09-03,Google,237.2,14904,4123184
2024-09-04,Google,234.98,15042,4084603
2024-09-05,Google,226.96,15180,3945312
2024-09-06,Google,229.63,15318,3991601
2024-09-07,Google,232.43,15456,4040355
2024-09-08,Google,223.85,15594,3891240
2024-09-09,Google,225.3,13800,3916350
2024-09-10,Google,229.56,13938,3990446
2024-09-11,Google,231.86,14076,4030440
2024-09-12,Google,235.66,14214,4096409
2024-09-13,Google,227.69,14352,3957985
2024-09-14,Google,229.73,14490,3993427
2024-09-15,Google,228.2,14628,3966852
2024-09-16,Google,225.67,14766,3922849
2024-09-17,Google,230.69,14904,4010112
2024-09-18,Google,239.28,15042,4159446
2024-09-19,Google,250.05,15180,4346625
2024-09-20,Google,258.35,15318,4490881
2024-09-21,Google,257.86,15456,4482334
2024-09-22,Google,260.3,15594,4524866
2024-09-23,Google,265.43,13800,4613957
2024-09-24,Google,266.43,13938,4631421
2024-09-25,Google,267.51,14076,4650045
2024-09-26,Google,273.15,14214,4748122
2024-09-27,Google,272.97,14352,4744987
2024-09-28,Google,268.28,14490,4663541
2024-09-29,Google,265.76,14628,4619658
2024-09-30,Google,270.12,14766,4695490
2024-10-01,Google,270.36,14904,4699593
2024-10-02,Google,272.84,15042,4742738
2024-10-03,Google,277.56,15180,4824816
2024-10-04,Google,275.22,15318,4784126
2024-10-05,Google,280.57,15456,4877076
2024-10-06,Google,283.41,15594,4926491
2024-10-07,Google,275.02,13800,4780581
2024-10-08,Google,285.01,13938,4954253
2024-10-09,Google,281.72,14076,4897106
2024-10-10,Google,270.46,14214,4701367
2024-10-11,Google,263.71,14352,4584102
2024-10-12,Google,257.29,14490,4472471
2024-10-13,Google,257.83,14628,4481797
2024-10-14,Google,256.29,14766,4455149
2024-10-15,Google,254.37,14904,4421748
2024-10-16,Google,258.46,15042,4492784
2024-10-17,Google,260.83,15180,4533993
2024-10-18,Google,263.07,15318,4572919
2024-10-19,Google,265.94,15456,4622743
2024-10-20,Google,270.18,15594,4696602
2024-10-21,Google,256.37,13800,4456485
2024-10-22,Google,254.27,13938,4420043
2024-10-23,Google,240.82,14076,4186198
2024-10-24,Google,241.23,14214,4193265
2024-10-25,Google,241.39,14352,4196141
2024-10-26,Google,247.8,14490,4307569
2024-10-27,Google,255.25,14628,4437034
2024-10-28,Google,256.73,14766,4462747
2024-10-29,Google,253.77,14904,4411311
2024-10-30,Google,257.01,15042,4467560
2024-10-31,Google,253.87,15180,4413037
2024-11-01,Google,254.07,15318,4416416
2024-11-02,Google,260.44,15456,4527231
2024-11-03,Google,257.07,15594,4468650
2024-11-04,Google,262.38,13800,4560912
2024-11-05,Google,266.97,13938,4640667
2024-11-06,Google,260.9,14076,4535233
2024-11-07,Google,267.37,14214,4647662
2024-11-08,Google,272.18,14352,4731357
2024-11-09,Google,273.09,14490,4747021
2024-11-10,Google,268.18,14628,4661677
2024-11-11,Google,262.71,14766,4566742
2024-11-12,Google,259.44,14904,4509912
2024-11-13,Google,263.12,15042,4573798
2024-11-14,Google,257.14,15180,4469790
2024-11-15,Google,260.11,15318,4521538
2024-11-16,Google,252.37,15456,4386848
2024-11-17,Google,251.3,15594,4368306
2024-11-18,Google,252.18,13800,4383599
2024-11-19,Google,267.57,13938,4651136
2024-11-20,Google,258.71,14076,4497055
2024-11-21,Google,268.29,14214,4663718
2024-11-22,Google,269.5,14352,4684663
2024-11-23,Google,272.44,14490,4735859
2024-11-24,Google,273.46,14628,4753454
2024-11-25,Google,276.67,14766,4809332
2024-11-26,Google,275.84,14904,4794972
2024-11-27,Google,285.94,15042,4970554
2024-11-28,Google,282.96,15180,4918640
2024-11-29,Google,291.08,15318,5059759
2024-11-30,Google,286.69,15456,4983494
2024-12-01,Google,286.49,15594,4980084
2024-12-02,Google,279.16,13800,4852564
2024-12-03,Google,282.51,13938,4910837
2024-12-04,Google,292.79,14076,5089583
2024-12-05,Google,292.47,14214,5083956
2024-12-06,Google,291.28,14352,5063366
2024-12-07,Google,283.52,14490,4928394
2024-12-08,Google,282.14,14628,4904500
2024-12-09,Google,271.3,14766,4715992
2024-12-10,Google,265.42,14904,4613716
2024-12-11,Google,267.11,15042,4643181
2024-12-12,Google,276.0,15180,4797760
2024-12-13,Google,295.32,15318,5133603
2024-12-14,Google,291.29,15456,5063532
2024-12-15,Google,301.83,15594,5246610
2024-12-16,Google,303.88,13800,5282310
2024-12-17,Google,302.99,13938,5266855
2024-12-18,Google,306.46,14076,5327193
2024-12-19,Google,307.17,14214,5339580
2024-12-20,Google,308.25,14352,5358372
2024-12-21,Google,305.4,14490,5308761
2024-12-22,Google,295.13,14628,5130175
2024-12-23,Google,284.14,14766,4939207
2024-12-24,Google,288.94,14904,5022638
2024-12-25,Google,287.2,15042,4992421
2024-12-26,Google,283.21,15180,4923108
2024-12-27,Google,283.5,15318,4928078
2024-12-28,Google,289.28,15456,5028521
2024-12-29,Google,290.8,15594,5054886
2024-12-30,Google,286.33,13800,4977239
2024-01-01,Microsoft,201.18,12650,3248750
2024-01-02,Microsoft,197.84,12777,3194816
2024-01-03,Microsoft,194.19,12903,3135963
2024-01-04,Microsoft,195.22,13030,3152521
2024-01-05,Microsoft,199.15,13156,3215992
2024-01-06,Microsoft,199.32,13283,3218771
2024-01-07,Microsoft,205.57,13409,3319658
2024-01-08,Microsoft,209.77,13536,3387447
2024-01-09,Microsoft,213.98,13662,3455446
2024-01-10,Microsoft,216.85,13789,3501813
2024-01-11,Microsoft,228.66,13915,3692473
2024-01-12,Microsoft,227.71,14042,3677164
2024-01-13,Microsoft,217.29,14168,3508941
2024-01-14,Microsoft,225.49,14294,3641269
2024-01-15,Microsoft,223.23,12650,3604900
2024-01-16,Microsoft,223.92,12777,3616059
2024-01-17,Microsoft,230.84,12903,3727775
2024-01-18,Microsoft,222.42,13030,3591840
2024-01-19,Microsoft,216.12,13156,3489994
2024-01-20,Microsoft,208.24,13283,3362809
2024-01-21,Microsoft,204.54,13409,3303049
2024-01-22,Microsoft,206.74,13536,3338623
2024-01-23,Microsoft,209.38,13662,3381111
2024-01-24,Microsoft,210.84,13789,3404749
2024-01-25,Microsoft,204.08,13915,3295518
2024-01-26,Microsoft,193.29,14042,3121383
2024-01-27,Microsoft,193.65,14168,3127180
2024-01-28,Microsoft,191.65,14294,3094927
2024-01-29,Microsoft,193.81,12650,3129674
2024-01-30,Microsoft,197.07,12777,3182373
2024-01-31,Microsoft,197.82,12903,3194460
2024-02-01,Microsoft,201.41,13030,3252549
2024-02-02,Microsoft,202.6,13156,3271747
2024-02-03,Microsoft,205.21,13283,3313828
2024-02-04,Microsoft,201.99,13409,3261797
2024-02-05,Microsoft,201.27,13536,3250201
2024-02-06,Microsoft,202.31,13662,3266946
2024-02-07,Microsoft,206.27,13789,3330918
2024-02-08,Microsoft,204.51,13915,3302577
2024-02-09,Microsoft,207.1,14042,3344375
2024-02-10,Microsoft,205.95,14168,3325815
2024-02-11,Microsoft,205.51,14294,3318767
2024-02-12,Microsoft,209.58,12650,3384444
2024-02-13,Microsoft,200.04,12777,3230431
2024-02-14,Microsoft,194.16,12903,3135484
2024-02-15,Microsoft,187.62,13030,3029856
2024-02-16,Microsoft,177.61,13156,2868110
2024-02-17,Microsoft,174.93,13283,2824829
2024-02-18,Microsoft,178.07,13409,2875498
2024-02-19,Microsoft,177.0,13536,2858273
2024-02-20,Microsoft,177.91,13662,2873066
2024-02-21,Microsoft,182.5,13789,2947182
2024-02-22,Microsoft,188.22,13915,3039470
2024-02-23,Microsoft,188.03,14042,3036432
2024-02-24,Microsoft,194.03,14168,3133333
2024-02-25,Microsoft,194.56,14294,3141891
2024-02-26,Microsoft,190.91,12650,3082912
2024-02-27,Microsoft,188.4,12777,3042371
2024-02-28,Microsoft,182.06,12903,2939996
2024-02-29,Microsoft,178.43,13030,2881357
2024-03-01,Microsoft,177.06,13156,2859222
2024-03-02,Microsoft,180.45,13283,2914089
2024-03-03,Microsoft,187.75,13409,3031838
2024-03-04,Microsoft,181.86,13536,2936716
2024-03-05,Microsoft,183.62,13662,2965165
2024-03-06,Microsoft,179.31,13789,2895570
2024-03-07,Microsoft,181.38,13915,2929104
2024-03-08,Microsoft,180.94,14042,2921979
2024-03-09,Microsoft,173.39,14168,2799972
2024-03-10,Microsoft,177.22,14294,2861781
2024-03-11,Microsoft,174.84,12650,2823445
2024-03-12,Microsoft,172.79,12777,2790267
2024-03-13,Microsoft,168.62,12903,2722891
2024-03-14,Microsoft,166.16,13030,2683312
2024-03-15,Microsoft,167.91,13156,2711483
2024-03-16,Microsoft,167.27,13283,2701239
2024-03-17,Microsoft,168.65,13409,2723398
2024-03-18,Microsoft,170.16,13536,2747833
2024-03-19,Microsoft,175.46,13662,2833431
2024-03-20,Microsoft,174.17,13789,2812663
2024-03-21,Microsoft,168.33,13915,2718257
2024-03-22,Microsoft,172.58,14042,2786997
2024-03-23,Microsoft,171.36,14168,2767298
2024-03-24,Microsoft,175.89,14294,2840311
2024-03-25,Microsoft,177.55,12650,2867205
2024-03-26,Microsoft,177.12,12777,2860227
2024-03-27,Microsoft,178.65,12903,2885020
2024-03-28,Microsoft,186.83,13030,3016962
2024-03-29,Microsoft,195.91,13156,3163729
2024-03-30,Microsoft,196.35,13283,3170705
2024-03-31,Microsoft,197.19,13409,3184357
2024-04-01,Microsoft,202.22,13536,3265548
2024-04-02,Microsoft,198.38,13662,3203624
2024-04-03,Microsoft,200.03,13789,3230230
2024-04-04,Microsoft,200.03,13915,3230236
2024-04-05,Microsoft,201.61,14042,3255631
2024-04-06,Microsoft,197.84,14168,3194821
2024-04-07,Microsoft,190.68,14294,3079258
2024-04-08,Microsoft,181.65,12650,2933440
2024-04-09,Microsoft,177.07,12777,2859375
2024-04-10,Microsoft,175.29,12903,2830751
2024-04-11,Microsoft,174.21,13030,2813249
2024-04-12,Microsoft,182.12,13156,2941012
2024-04-13,Microsoft,186.89,13283,3018023
2024-04-14,Microsoft,182.84,13409,2952663
2024-04-15,Microsoft,184.42,13536,2978185
2024-04-16,Microsoft,182.8,13662,2951926
2024-04-17,Microsoft,181.71,13789,2934279
2024-04-18,Microsoft,182.59,13915,2948619
2024-04-19,Microsoft,185.32,14042,2992623
2024-04-20,Microsoft,183.98,14168,2970932
2024-04-21,Microsoft,188.61,14294,3045830
2024-04-22,Microsoft,183.74,12650,2967197
2024-04-23,Microsoft,183.88,12777,2969412
2024-04-24,Microsoft,195.04,12903,3149634
2024-04-25,Microsoft,196.16,13030,3167777
2024-04-26,Microsoft,202.79,13156,3274705
2024-04-27,Microsoft,203.34,13283,3283603
2024-04-28,Microsoft,206.19,13409,3329689
2024-04-29,Microsoft,206.04,13536,3327313
2024-04-30,Microsoft,205.36,13662,3316193
2024-05-01,Microsoft,201.78,13789,3258385
2024-05-02,Microsoft,203.91,13915,3292775
2024-05-03,Microsoft,200.01,14042,3229887
2024-05-04,Microsoft,203.21,14168,3281556
2024-05-05,Microsoft,208.43,14294,3365913
2024-05-06,Microsoft,210.33,12650,3396472
2024-05-07,Microsoft,209.06,12777,3376019
2024-05-08,Microsoft,211.38,12903,3413498
2024-05-09,Microsoft,210.0,13030,3391172
2024-05-10,Microsoft,214.67,13156,3466599
2024-05-11,Microsoft,205.7,13283,3321812
2024-05-12,Microsoft,204.23,13409,3298016
2024-05-13,Microsoft,194.95,13536,3148108
2024-05-14,Microsoft,188.32,13662,3041117
2024-05-15,Microsoft,194.38,13789,3138891
2024-05-16,Microsoft,198.52,13915,3205776
2024-05-17,Microsoft,195.33,14042,3154343
2024-05-18,Microsoft,188.66,14168,3046598
2024-05-19,Microsoft,175.84,14294,2839493
2024-05-20,Microsoft,173.73,12650,2805496
2024-05-21,Microsoft,183.56,12777,2964265
2024-05-22,Microsoft,185.52,12903,2995864
2024-05-23,Microsoft,183.23,13030,2958881
2024-05-24,Microsoft,185.31,13156,2992491
2024-05-25,Microsoft,178.73,13283,2886227
2024-05-26,Microsoft,177.61,13409,2868107
2024-05-27,Microsoft,178.12,13536,2876428
2024-05-28,Microsoft,177.87,13662,2872425
2024-05-29,Microsoft,181.24,13789,2926696
2024-05-30,Microsoft,182.79,13915,2951786
2024-05-31,Microsoft,185.73,14042,2999194
2024-06-01,Microsoft,182.88,14168,2953233
2024-06-02,Microsoft,186.79,14294,3016342
2024-06-03,Microsoft,193.94,12650,3131815
2024-06-04,Microsoft,189.7,12777,3063408
2024-06-05,Microsoft,185.92,12903,3002338
2024-06-06,Microsoft,191.78,13030,3096915
2024-06-07,Microsoft,191.04,13156,3085065
2024-06-08,Microsoft,197.36,13283,3187103
2024-06-09,Microsoft,195.46,13409,3156388
2024-06-10,Microsoft,202.16,13536,3264526
2024-06-11,Microsoft,202.89,13662,3276414
2024-06-12,Microsoft,204.23,13789,3297952
2024-06-13,Microsoft,211.74,13915,3419307
2024-06-14,Microsoft,210.1,14042,3392743
2024-06-15,Microsoft,205.65,14168,3320914
2024-06-16,Microsoft,203.64,14294,3288446
2024-06-17,Microsoft,205.89,12650,3324830
2024-06-18,Microsoft,198.56,12777,3206396
2024-06-19,Microsoft,201.6,12903,3255603
2024-06-20,Microsoft,199.21,13030,3216980
2024-06-21,Microsoft,204.62,13156,3304330
2024-06-22,Microsoft,193.41,13283,3123296
2024-06-23,Microsoft,190.01,13409,3068339
2024-06-24,Microsoft,182.71,13536,2950473
2024-06-25,Microsoft,179.33,13662,2895850
2024-06-26,Microsoft,180.46,13789,2914179
2024-06-27,Microsoft,179.82,13915,2903845
2024-06-28,Microsoft,178.87,14042,2888566
2024-06-29,Microsoft,178.32,14168,2879662
2024-06-30,Microsoft,179.27,14294,2894939
2024-07-01,Microsoft,175.19,12650,2829135
2024-07-02,Microsoft,178.16,12777,2877094
2024-07-03,Microsoft,181.0,12903,2922925
2024-07-04,Microsoft,182.72,13030,2950713
2024-07-05,Microsoft,185.19,13156,2990473
2024-07-06,Microsoft,186.57,13283,3012773
2024-07-07,Microsoft,195.46,13409,3156415
2024-07-08,Microsoft,195.18,13536,3151950
2024-07-09,Microsoft,193.92,13662,3131450
2024-07-10,Microsoft,190.65,13789,3078743
2024-07-11,Microsoft,186.21,13915,3007071
2024-07-12,Microsoft,180.96,14042,2922306
2024-07-13,Microsoft,177.35,14168,2863974
2024-07-14,Microsoft,177.17,14294,2861010
2024-07-15,Microsoft,178.64,12650,2884852
2024-07-16,Microsoft,178.96,12777,2889996
2024-07-17,Microsoft,175.9,12903,2840550
2024-07-18,Microsoft,179.67,13030,2901406
2024-07-19,Microsoft,182.85,13156,2952776
2024-07-20,Microsoft,182.29,13283,2943642
2024-07-21,Microsoft,179.64,13409,2900947
2024-07-22,Microsoft,182.03,13536,2939492
2024-07-23,Microsoft,182.93,13662,2954038
2024-07-24,Microsoft,176.91,13789,2856850
2024-07-25,Microsoft,176.74,13915,2854072
2024-07-26,Microsoft,177.92,14042,2873085
2024-07-27,Microsoft,174.32,14168,2815012
2024-07-28,Microsoft,175.19,14294,2829063
2024-07-29,Microsoft,169.4,12650,2735549
2024-07-30,Microsoft,174.74,12777,2821747
2024-07-31,Microsoft,179.89,12903,2904902
2024-08-01,Microsoft,178.94,13030,2889676
2024-08-02,Microsoft,180.56,13156,2915705
2024-08-03,Microsoft,170.6,13283,2754906
2024-08-04,Microsoft,166.14,13409,2682865
2024-08-05,Microsoft,165.11,13536,2666242
2024-08-06,Microsoft,161.11,13662,2601714
2024-08-07,Microsoft,163.87,13789,2646272
2024-08-08,Microsoft,171.54,13915,2770128
2024-08-09,Microsoft,166.97,14042,2696390
2024-08-10,Microsoft,163.84,14168,2645770
2024-08-11,Microsoft,164.83,14294,2661768
2024-08-12,Microsoft,171.07,12650,2762570
2024-08-13,Microsoft,166.34,12777,2686109
2024-08-14,Microsoft,167.4,12903,2703196
2024-08-15,Microsoft,174.55,13030,2818710
2024-08-16,Microsoft,167.98,13156,2712697
2024-08-17,Microsoft,163.11,13283,2633933
2024-08-18,Microsoft,161.61,13409,2609702
2024-08-19,Microsoft,159.76,13536,2579840
2024-08-20,Microsoft,162.86,13662,2629884
2024-08-21,Microsoft,163.86,13789,2646164
2024-08-22,Microsoft,157.23,13915,2539098
2024-08-23,Microsoft,159.2,14042,2570896
2024-08-24,Microsoft,157.17,14168,2538090
2024-08-25,Microsoft,161.9,14294,2614441
2024-08-26,Microsoft,159.65,12650,2578053
2024-08-27,Microsoft,157.39,12777,2541633
2024-08-28,Microsoft,159.46,12903,2574974
2024-08-29,Microsoft,162.37,13030,2621965
2024-08-30,Microsoft,164.15,13156,2650717
2024-08-31,Microsoft,157.84,13283,2548948
2024-09-01,Microsoft,159.9,13409,2582202
2024-09-02,Microsoft,156.17,13536,2521968
2024-09-03,Microsoft,157.12,13662,2537207
2024-09-04,Microsoft,152.04,13789,2455165
2024-09-05,Microsoft,153.7,13915,2481987
2024-09-06,Microsoft,150.92,14042,2437165
2024-09-07,Microsoft,146.53,14168,2366313
2024-09-08,Microsoft,149.04,14294,2406807
2024-09-09,Microsoft,149.96,12650,2421705
2024-09-10,Microsoft,147.92,12777,2388762
2024-09-11,Microsoft,152.98,12903,2470387
2024-09-12,Microsoft,151.51,13030,2446687
2024-09-13,Microsoft,151.71,13156,2449972
2024-09-14,Microsoft,152.75,13283,2466683
2024-09-15,Microsoft,150.65,13409,2432804
2024-09-16,Microsoft,152.38,13536,2460778
2024-09-17,Microsoft,150.59,13662,2431888
2024-09-18,Microsoft,149.25,13789,2410189
2024-09-19,Microsoft,154.05,13915,2487610
2024-09-20,Microsoft,150.43,14042,2429220
2024-09-21,Microsoft,142.12,14168,2295090
2024-09-22,Microsoft,147.51,14294,2381996
2024-09-23,Microsoft,156.29,12650,2523902
2024-09-24,Microsoft,154.92,12777,2501754
2024-09-25,Microsoft,148.07,12903,2391163
2024-09-26,Microsoft,147.1,13030,2375423
2024-09-27,Microsoft,146.21,13156,2361120
2024-09-28,Microsoft,145.66,13283,2352163
2024-09-29,Microsoft,141.99,13409,2292992
2024-09-30,Microsoft,143.98,13536,2325110
2024-10-01,Microsoft,145.82,13662,2354717
2024-10-02,Microsoft,140.86,13789,2274726
2024-10-03,Microsoft,143.23,13915,2312884
2024-10-04,Microsoft,150.11,14042,2424099
2024-10-05,Microsoft,150.8,14168,2435197
2024-10-06,Microsoft,149.71,14294,2417655
2024-10-07,Microsoft,149.31,12650,2411164
2024-10-08,Microsoft,151.53,12777,2446928
2024-10-09,Microsoft,145.55,12903,2350431
2024-10-10,Microsoft,146.19,13030,2360780
2024-10-11,Microsoft,144.96,13156,2340872
2024-10-12,Microsoft,151.24,13283,2442340
2024-10-13,Microsoft,150.72,13409,2433965
2024-10-14,Microsoft,156.63,13536,2529336
2024-10-15,Microsoft,152.72,13662,2466272
2024-10-16,Microsoft,154.89,13789,2501257
2024-10-17,Microsoft,156.13,13915,2521239
2024-10-18,Microsoft,153.08,14042,2472065
2024-10-19,Microsoft,153.8,14168,2483693
2024-10-20,Microsoft,158.21,14294,2554849
2024-10-21,Microsoft,157.12,12650,2537245
2024-10-22,Microsoft,151.06,12777,2439459
2024-10-23,Microsoft,151.09,12903,2439931
2024-10-24,Microsoft,148.03,13030,2390459
2024-10-25,Microsoft,146.95,13156,2372962
2024-10-26,Microsoft,146.76,13283,2369907
2024-10-27,Microsoft,141.05,13409,2277819
2024-10-28,Microsoft,135.87,13536,2194051
2024-10-29,Microsoft,137.46,13662,2219835
2024-10-30,Microsoft,135.88,13789,2194325
2024-10-31,Microsoft,127.9,13915,2065450
2024-11-01,Microsoft,130.3,14042,2104190
2024-11-02,Microsoft,131.2,14168,2118710
2024-11-03,Microsoft,129.11,14294,2084993
2024-11-04,Microsoft,125.26,12650,2022729
2024-11-05,Microsoft,127.75,12777,2063052
2024-11-06,Microsoft,128.86,12903,2080963
2024-11-07,Microsoft,136.04,13030,2196909
2024-11-08,Microsoft,137.45,13156,2219582
2024-11-09,Microsoft,138.76,13283,2240820
2024-11-10,Microsoft,138.31,13409,2233512
2024-11-11,Microsoft,141.01,13536,2277053
2024-11-12,Microsoft,143.13,13662,2311346
2024-11-13,Microsoft,147.36,13789,2379661
2024-11-14,Microsoft,145.67,13915,2352391
2024-11-15,Microsoft,144.29,14042,2330108
2024-11-16,Microsoft,142.78,14168,2305681
2024-11-17,Microsoft,145.48,14294,2349244
2024-11-18,Microsoft,150.61,12650,2432084
2024-11-19,Microsoft,149.1,12777,2407728
2024-11-20,Microsoft,147.72,12903,2385513
2024-11-21,Microsoft,148.88,13030,2404277
2024-11-22,Microsoft,148.13,13156,2392050
2024-11-23,Microsoft,151.48,13283,2446168
2024-11-24,Microsoft,143.68,13409,2320213
2024-11-25,Microsoft,141.02,13536,2277232
2024-11-26,Microsoft,138.55,13662,2237381
2024-11-27,Microsoft,131.2,13789,2118627
2024-11-28,Microsoft,128.35,13915,2072669
2024-11-29,Microsoft,125.71,14042,2030034
2024-11-30,Microsoft,125.2,14168,2021807
2024-12-01,Microsoft,128.5,14294,2075075
2024-12-02,Microsoft,127.85,12650,2064556
2024-12-03,Microsoft,124.88,12777,2016564
2024-12-04,Microsoft,124.79,12903,2015117
2024-12-05,Microsoft,127.89,13030,2065234
2024-12-06,Microsoft,125.08,13156,2019846
2024-12-07,Microsoft,122.52,13283,1978511
2024-12-08,Microsoft,124.18,13409,2005263
2024-12-09,Microsoft,123.61,13536,1996189
2024-12-10,Microsoft,125.54,13662,2027287
2024-12-11,Microsoft,125.58,13789,2027863
2024-12-12,Microsoft,127.69,13915,2061995
2024-12-13,Microsoft,124.71,14042,2013859
2024-12-14,Microsoft,124.75,14168,2014504
2024-12-15,Microsoft,124.22,14294,2005894
2024-12-16,Microsoft,120.8,12650,1950677
2024-12-17,Microsoft,116.5,12777,1881295
2024-12-18,Microsoft,118.42,12903,1912268
2024-12-19,Microsoft,117.53,13030,1897890
2024-12-20,Microsoft,114.82,13156,1854146
2024-12-21,Microsoft,114.63,13283,1851133
2024-12-22,Microsoft,117.69,13409,1900549
2024-12-23,Microsoft,111.55,13536,1801414
2024-12-24,Microsoft,107.76,13662,1740126
2024-12-25,Microsoft,105.52,13789,1704020
2024-12-26,Microsoft,109.15,13915,1762641
2024-12-27,Microsoft,109.93,14042,1775222
2024-12-28,Microsoft,111.95,14168,1807798
2024-12-29,Microsoft,109.06,14294,1761201
2024-12-30,Microsoft,106.3,12650,1716645
2024-01-01,Nvidia,244.21,16100,4520000
2024-01-02,Nvidia,239.61,16261,4434918
2024-01-03,Nvidia,234.25,16422,4335611
2024-01-04,Nvidia,237.5,16583,4395890
2024-01-05,Nvidia,244.27,16744,4521247
2024-01-06,Nvidia,244.84,16905,4531702
2024-01-07,Nvidia,236.43,17066,4376051
2024-01-08,Nvidia,227.83,17227,4216814
2024-01-09,Nvidia,219.12,17388,4055578
2024-01-10,Nvidia,208.68,17549,3862349
2024-01-11,Nvidia,209.56,17710,3878669
2024-01-12,Nvidia,216.32,17871,4003906
2024-01-13,Nvidia,216.5,18032,4007227
2024-01-14,Nvidia,203.24,18193,3761733
2024-01-15,Nvidia,202.41,16100,3746418
2024-01-16,Nvidia,201.74,16261,3734060
2024-01-17,Nvidia,213.67,16422,3954815
2024-01-18,Nvidia,205.32,16583,3800318
2024-01-19,Nvidia,203.35,16744,3763852
2024-01-20,Nvidia,213.18,16905,3945790
2024-01-21,Nvidia,216.09,17066,3999588
2024-01-22,Nvidia,219.71,17227,4066646
2024-01-23,Nvidia,220.67,17388,4084402
2024-01-24,Nvidia,222.95,17549,4126542
2024-01-25,Nvidia,228.01,17710,4220165
2024-01-26,Nvidia,223.18,17871,4130829
2024-01-27,Nvidia,228.86,18032,4236015
2024-01-28,Nvidia,220.46,18193,4080382
2024-01-29,Nvidia,222.72,16100,4122303
2024-01-30,Nvidia,224.09,16261,4147611
2024-01-31,Nvidia,220.54,16422,4081953
2024-02-01,Nvidia,220.67,16583,4084293
2024-02-02,Nvidia,217.14,16744,4018933
2024-02-03,Nvidia,210.97,16905,3904736
2024-02-04,Nvidia,209.16,17066,3871267
2024-02-05,Nvidia,203.03,17227,3757812
2024-02-06,Nvidia,205.08,17388,3795841
2024-02-07,Nvidia,198.81,17549,3679762
2024-02-08,Nvidia,202.96,17710,3756574
2024-02-09,Nvidia,196.58,17871,3638437
2024-02-10,Nvidia,193.74,18032,3585867
2024-02-11,Nvidia,190.63,18193,3528279
2024-02-12,Nvidia,197.84,16100,3661711
2024-02-13,Nvidia,199.88,16261,3699526
2024-02-14,Nvidia,198.95,16422,3682320
2024-02-15,Nvidia,201.93,16583,3737486
2024-02-16,Nvidia,190.41,16744,3524342
2024-02-17,Nvidia,190.42,16905,3524371
2024-02-18,Nvidia,201.15,17066,3723137
2024-02-19,Nvidia,202.13,17227,3741221
2024-02-20,Nvidia,202.75,17388,3752732
2024-02-21,Nvidia,206.07,17549,3814076
2024-02-22,Nvidia,211.41,17710,3913045
2024-02-23,Nvidia,200.0,17871,3701755
2024-02-24,Nvidia,190.94,18032,3534109
2024-02-25,Nvidia,192.28,18193,3558887
2024-02-26,Nvidia,188.71,16100,3492854
2024-02-27,Nvidia,195.78,16261,3623681
2024-02-28,Nvidia,194.31,16422,3596469
2024-02-29,Nvidia,184.16,16583,3408527
2024-03-01,Nvidia,177.92,16744,3293185
2024-03-02,Nvidia,164.62,16905,3046913
2024-03-03,Nvidia,163.75,17066,3030856
2024-03-04,Nvidia,163.1,17227,3018716
2024-03-05,Nvidia,161.38,17388,2986931
2024-03-06,Nvidia,166.38,17549,3079564
2024-03-07,Nvidia,172.09,17710,3185252
2024-03-08,Nvidia,171.49,17871,3174077
2024-03-09,Nvidia,161.58,18032,2990652
2024-03-10,Nvidia,164.53,18193,3045254
2024-03-11,Nvidia,167.25,16100,3095642
2024-03-12,Nvidia,168.88,16261,3125822
2024-03-13,Nvidia,173.67,16422,3214350
2024-03-14,Nvidia,168.28,16583,3114744
2024-03-15,Nvidia,177.83,16744,3291376
2024-03-16,Nvidia,173.33,16905,3208065
2024-03-17,Nvidia,177.12,17066,3278332
2024-03-18,Nvidia,169.08,17227,3129408
2024-03-19,Nvidia,164.93,17388,3052718
2024-03-20,Nvidia,172.04,17549,3184297
2024-03-21,Nvidia,171.01,17710,3165161
2024-03-22,Nvidia,175.18,17871,3242422
2024-03-23,Nvidia,176.54,18032,3267543
2024-03-24,Nvidia,176.24,18193,3261987
2024-03-25,Nvidia,183.09,16100,3388838
2024-03-26,Nvidia,182.12,16261,3370743
2024-03-27,Nvidia,173.37,16422,3208922
2024-03-28,Nvidia,169.73,16583,3141547
2024-03-29,Nvidia,172.52,16744,3193166
2024-03-30,Nvidia,174.61,16905,3231897
2024-03-31,Nvidia,167.26,17066,3095825
2024-04-01,Nvidia,164.11,17227,3037574
2024-04-02,Nvidia,161.67,17388,2992391
2024-04-03,Nvidia,160.23,17549,2965761
2024-04-04,Nvidia,154.33,17710,2856559
2024-04-05,Nvidia,151.84,17871,2810386
2024-04-06,Nvidia,148.97,18032,2757174
2024-04-07,Nvidia,152.32,18193,2819266
2024-04-08,Nvidia,155.91,16100,2885684
2024-04-09,Nvidia,155.47,16261,2877519
2024-04-10,Nvidia,153.97,16422,2849799
2024-04-11,Nvidia,154.75,16583,2864238
2024-04-12,Nvidia,151.44,16744,2803045
2024-04-13,Nvidia,146.83,16905,2717578
2024-04-14,Nvidia,143.19,17066,2650233
2024-04-15,Nvidia,140.85,17227,2606923
2024-04-16,Nvidia,136.49,17388,2526237
2024-04-17,Nvidia,137.26,17549,2540581
2024-04-18,Nvidia,140.2,17710,2594860
2024-04-19,Nvidia,134.22,17871,2484171
2024-04-20,Nvidia,134.47,18032,2488877
2024-04-21,Nvidia,133.81,18193,2476738
2024-04-22,Nvidia,135.24,16100,2503083
2024-04-23,Nvidia,135.35,16261,2505192
2024-04-24,Nvidia,130.08,16422,2407570
2024-04-25,Nvidia,125.7,16583,2326474
2024-04-26,Nvidia,125.95,16744,2331157
2024-04-27,Nvidia,129.68,16905,2400226
2024-04-28,Nvidia,121.9,17066,2256248
2024-04-29,Nvidia,123.21,17227,2280511
2024-04-30,Nvidia,127.41,17388,2358215
2024-05-01,Nvidia,127.02,17549,2351073
2024-05-02,Nvidia,129.11,17710,2389639
2024-05-03,Nvidia,126.75,17871,2346081
2024-05-04,Nvidia,126.49,18032,2341158
2024-05-05,Nvidia,120.97,18193,2239104
2024-05-06,Nvidia,113.28,16100,2096738
2024-05-07,Nvidia,116.37,16261,2153877
2024-05-08,Nvidia,113.34,16422,2097836
2024-05-09,Nvidia,112.05,16583,2073947
2024-05-10,Nvidia,107.89,16744,1996979
2024-05-11,Nvidia,103.82,16905,1921569
2024-05-12,Nvidia,103.44,17066,1914644
2024-05-13,Nvidia,101.48,17227,1878341
2024-05-14,Nvidia,102.67,17388,1900214
2024-05-15,Nvidia,104.07,17549,1926256
2024-05-16,Nvidia,105.12,17710,1945646
2024-05-17,Nvidia,105.94,17871,1960809
2024-05-18,Nvidia,110.69,18032,2048651
2024-05-19,Nvidia,107.55,18193,1990672
2024-05-20,Nvidia,107.52,16100,1990039
2024-05-21,Nvidia,111.01,16261,2054715
2024-05-22,Nvidia,115.02,16422,2128980
2024-05-23,Nvidia,110.64,16583,2047891
2024-05-24,Nvidia,109.82,16744,2032672
2024-05-25,Nvidia,114.08,16905,2111396
2024-05-26,Nvidia,115.81,17066,2143574
2024-05-27,Nvidia,116.58,17227,2157712
2024-05-28,Nvidia,116.02,17388,2147322
2024-05-29,Nvidia,114.92,17549,2127125
2024-05-30,Nvidia,115.98,17710,2146619
2024-05-31,Nvidia,115.31,17871,2134225
2024-06-01,Nvidia,115.31,18032,2134275
2024-06-02,Nvidia,115.7,18193,2141471
2024-06-03,Nvidia,113.67,16100,2103916
2024-06-04,Nvidia,115.48,16261,2137377
2024-06-05,Nvidia,124.92,16422,2312065
2024-06-06,Nvidia,118.93,16583,2201308
2024-06-07,Nvidia,120.14,16744,2223659
2024-06-08,Nvidia,117.76,16905,2179616
2024-06-09,Nvidia,119.78,17066,2217009
2024-06-10,Nvidia,120.08,17227,2222521
2024-06-11,Nvidia,122.75,17388,2271978
2024-06-12,Nvidia,126.89,17549,2348505
2024-06-13,Nvidia,127.71,17710,2363811
2024-06-14,Nvidia,131.86,17871,2440593
2024-06-15,Nvidia,123.48,18032,2285419
2024-06-16,Nvidia,129.05,18193,2388604
2024-06-17,Nvidia,130.54,16100,2416226
2024-06-18,Nvidia,134.59,16261,2491091
2024-06-19,Nvidia,130.21,16422,2410108
2024-06-20,Nvidia,127.38,16583,2357672
2024-06-21,Nvidia,128.05,16744,2370009
2024-06-22,Nvidia,128.14,16905,2371737
2024-06-23,Nvidia,129.3,17066,2393135
2024-06-24,Nvidia,133.33,17227,2467726
2024-06-25,Nvidia,126.98,17388,2350314
2024-06-26,Nvidia,130.55,17549,2416381
2024-06-27,Nvidia,130.74,17710,2419834
2024-06-28,Nvidia,130.16,17871,2409111
2024-06-29,Nvidia,125.02,18032,2314068
2024-06-30,Nvidia,126.91,18193,2349012
2024-07-01,Nvidia,118.6,16100,2195129
2024-07-02,Nvidia,120.87,16261,2237094
2024-07-03,Nvidia,116.03,16422,2147539
2024-07-04,Nvidia,116.34,16583,2153289
2024-07-05,Nvidia,116.09,16744,2148782
2024-07-06,Nvidia,119.99,16905,2220805
2024-07-07,Nvidia,119.54,17066,2212506
2024-07-08,Nvidia,117.39,17227,2172723
2024-07-09,Nvidia,115.89,17388,2144914
2024-07-10,Nvidia,120.1,17549,2222933
2024-07-11,Nvidia,122.03,17710,2258543
2024-07-12,Nvidia,120.87,17871,2237186
2024-07-13,Nvidia,120.23,18032,2225253
2024-07-14,Nvidia,115.16,18193,2131556
2024-07-15,Nvidia,116.54,16100,2156996
2024-07-16,Nvidia,111.01,16261,2054691
2024-07-17,Nvidia,113.45,16422,2099842
2024-07-18,Nvidia,113.99,16583,2109825
2024-07-19,Nvidia,121.65,16744,2251519
2024-07-20,Nvidia,118.09,16905,2185774
2024-07-21,Nvidia,117.9,17066,2182196
2024-07-22,Nvidia,123.9,17227,2293254
2024-07-23,Nvidia,128.13,17388,2371504
2024-07-24,Nvidia,125.82,17549,2328725
2024-07-25,Nvidia,126.75,17710,2345932
2024-07-26,Nvidia,126.91,17871,2348877
2024-07-27,Nvidia,128.05,18032,2369997
2024-07-28,Nvidia,125.73,18193,2327084
2024-07-29,Nvidia,125.57,16100,2324132
2024-07-30,Nvidia,120.17,16261,2224289
2024-07-31,Nvidia,120.77,16422,2235263
2024-08-01,Nvidia,122.41,16583,2265742
2024-08-02,Nvidia,121.79,16744,2254223
2024-08-03,Nvidia,116.5,16905,2156324
2024-08-04,Nvidia,119.82,17066,2217814
2024-08-05,Nvidia,121.18,17227,2242816
2024-08-06,Nvidia,118.89,17388,2200511
2024-08-07,Nvidia,118.11,17549,2186089
2024-08-08,Nvidia,113.35,17710,2098059
2024-08-09,Nvidia,110.28,17871,2041128
2024-08-10,Nvidia,108.77,18032,2013243
2024-08-11,Nvidia,112.59,18193,2083999
2024-08-12,Nvidia,110.74,16100,2049672
2024-08-13,Nvidia,112.83,16261,2088393
2024-08-14,Nvidia,111.29,16422,2059833
2024-08-15,Nvidia,112.19,16583,2076418
2024-08-16,Nvidia,111.88,16744,2070797
2024-08-17,Nvidia,114.71,16905,2123240
2024-08-18,Nvidia,113.16,17066,2094410
2024-08-19,Nvidia,108.38,17227,2005912
2024-08-20,Nvidia,104.37,17388,1931718
2024-08-21,Nvidia,102.96,17549,1905645
2024-08-22,Nvidia,99.53,17710,1842157
2024-08-23,Nvidia,100.78,17871,1865250
2024-08-24,Nvidia,99.6,18032,1843481
2024-08-25,Nvidia,106.26,18193,1966659
2024-08-26,Nvidia,101.28,16100,1874582
2024-08-27,Nvidia,101.97,16261,1887380
2024-08-28,Nvidia,98.92,16422,1830817
2024-08-29,Nvidia,97.69,16583,1808052
2024-08-30,Nvidia,98.18,16744,1817288
2024-08-31,Nvidia,91.99,16905,1702694
2024-09-01,Nvidia,92.71,17066,1715880
2024-09-02,Nvidia,97.69,17227,1808166
2024-09-03,Nvidia,96.59,17388,1787680
2024-09-04,Nvidia,97.39,17549,1802659
2024-09-05,Nvidia,100.27,17710,1855877
2024-09-06,Nvidia,99.94,17871,1849696
2024-09-07,Nvidia,98.45,18032,1822221
2024-09-08,Nvidia,92.38,18193,1709816
2024-09-09,Nvidia,94.13,16100,1742153
2024-09-10,Nvidia,93.94,16261,1738795
2024-09-11,Nvidia,91.43,16422,1692224
2024-09-12,Nvidia,91.86,16583,1700174
2024-09-13,Nvidia,90.49,16744,1674792
2024-09-14,Nvidia,89.27,16905,1652347
2024-09-15,Nvidia,90.88,17066,1682013
2024-09-16,Nvidia,87.62,17227,1621824
2024-09-17,Nvidia,90.27,17388,1670707
2024-09-18,Nvidia,86.89,17549,1608184
2024-09-19,Nvidia,85.4,17710,1580664
2024-09-20,Nvidia,90.04,17871,1666553
2024-09-21,Nvidia,92.95,18032,1720470
2024-09-22,Nvidia,93.32,18193,1727175
2024-09-23,Nvidia,91.0,16100,1684359
2024-09-24,Nvidia,89.78,16261,1661745
2024-09-25,Nvidia,90.07,16422,1667104
2024-09-26,Nvidia,90.27,16583,1670833
2024-09-27,Nvidia,90.15,16744,1668643
2024-09-28,Nvidia,90.19,16905,1669223
2024-09-29,Nvidia,89.76,17066,1661338
2024-09-30,Nvidia,86.29,17227,1597133
2024-10-01,Nvidia,85.16,17388,1576254
2024-10-02,Nvidia,87.42,17549,1617984
2024-10-03,Nvidia,84.22,17710,1558747
2024-10-04,Nvidia,83.88,17871,1552453
2024-10-05,Nvidia,82.08,18032,1519149
2024-10-06,Nvidia,82.43,18193,1525646
2024-10-07,Nvidia,81.64,16100,1511093
2024-10-08,Nvidia,85.07,16261,1574597
2024-10-09,Nvidia,86.37,16422,1598528
2024-10-10,Nvidia,83.34,16583,1542501
2024-10-11,Nvidia,84.98,16744,1572962
2024-10-12,Nvidia,83.27,16905,1541179
2024-10-13,Nvidia,82.04,17066,1518455
2024-10-14,Nvidia,82.85,17227,1533445
2024-10-15,Nvidia,81.82,17388,1514448
2024-10-16,Nvidia,83.94,17549,1553631
2024-10-17,Nvidia,82.24,17710,1522244
2024-10-18,Nvidia,80.94,17871,1498035
2024-10-19,Nvidia,79.57,18032,1472662
2024-10-20,Nvidia,78.42,18193,1451411
2024-10-21,Nvidia,80.89,16100,1497238
2024-10-22,Nvidia,82.4,16261,1525050
2024-10-23,Nvidia,86.39,16422,1598941
2024-10-24,Nvidia,91.9,16583,1701053
2024-10-25,Nvidia,89.4,16744,1654644
2024-10-26,Nvidia,89.68,16905,1659850
2024-10-27,Nvidia,86.87,17066,1607893
2024-10-28,Nvidia,85.11,17227,1575272
2024-10-29,Nvidia,83.73,17388,1549735
2024-10-30,Nvidia,81.38,17549,1506323
2024-10-31,Nvidia,79.12,17710,1464346
2024-11-01,Nvidia,78.9,17871,1460265
2024-11-02,Nvidia,76.34,18032,1412921
2024-11-03,Nvidia,78.21,18193,1447496
2024-11-04,Nvidia,76.32,16100,1412523
2024-11-05,Nvidia,82.33,16261,1523883
2024-11-06,Nvidia,81.4,16422,1506704
2024-11-07,Nvidia,81.66,16583,1511511
2024-11-08,Nvidia,78.84,16744,1459221
2024-11-09,Nvidia,82.65,16905,1529767
2024-11-10,Nvidia,85.31,17066,1578926
2024-11-11,Nvidia,86.11,17227,1593776
2024-11-12,Nvidia,83.01,17388,1536373
2024-11-13,Nvidia,83.59,17549,1547161
2024-11-14,Nvidia,81.1,17710,1501073
2024-11-15,Nvidia,84.47,17871,1563532
2024-11-16,Nvidia,86.47,18032,1600370
2024-11-17,Nvidia,86.8,18193,1606511
2024-11-18,Nvidia,81.06,16100,1500280
2024-11-19,Nvidia,78.95,16261,1461311
2024-11-20,Nvidia,80.55,16422,1490837
2024-11-21,Nvidia,83.34,16583,1542592
2024-11-22,Nvidia,86.0,16744,1591724
2024-11-23,Nvidia,82.32,16905,1523610
2024-11-24,Nvidia,83.1,17066,1538134
2024-11-25,Nvidia,85.53,17227,1583143
2024-11-26,Nvidia,81.72,17388,1512495
2024-11-27,Nvidia,81.8,17549,1513980
2024-11-28,Nvidia,82.51,17710,1527253
2024-11-29,Nvidia,81.93,17871,1516393
2024-11-30,Nvidia,77.83,18032,1440602
2024-12-01,Nvidia,77.23,18193,1429365
2024-12-02,Nvidia,76.62,16100,1418152
2024-12-03,Nvidia,76.4,16261,1414051
2024-12-04,Nvidia,75.3,16422,1393730
2024-12-05,Nvidia,74.47,16583,1378341
2024-12-06,Nvidia,74.48,16744,1378483
2024-12-07,Nvidia,75.48,16905,1396991
2024-12-08,Nvidia,74.93,17066,1386915
2024-12-09,Nvidia,74.17,17227,1372880
2024-12-10,Nvidia,74.45,17388,1378031
2024-12-11,Nvidia,70.59,17549,1306537
2024-12-12,Nvidia,71.61,17710,1325328
2024-12-13,Nvidia,71.69,17871,1326898
2024-12-14,Nvidia,71.85,18032,1329945
2024-12-15,Nvidia,73.85,18193,1366849
2024-12-16,Nvidia,69.95,16100,1294730
2024-12-17,Nvidia,66.22,16261,1225665
2024-12-18,Nvidia,66.8,16422,1236409
2024-12-19,Nvidia,66.87,16583,1237650
2024-12-20,Nvidia,67.26,16744,1244955
2024-12-21,Nvidia,66.48,16905,1230551
2024-12-22,Nvidia,67.78,17066,1254618
2024-12-23,Nvidia,69.61,17227,1288458
2024-12-24,Nvidia,70.63,17388,1307236
2024-12-25,Nvidia,70.2,17549,1299382
2024-12-26,Nvidia,66.2,17710,1225263
2024-12-27,Nvidia,67.69,17871,1252778
2024-12-28,Nvidia,70.05,18032,1296575
2024-12-29,Nvidia,71.38,18193,1321225
2024-12-30,Nvidia,69.73,16100,1290695
2024-01-01,Tesla,257.3,17250,4943750
2024-01-02,Tesla,264.11,17422,5074611
2024-01-03,Tesla,276.47,17595,5312171
2024-01-04,Tesla,269.8,17768,5184020
2024-01-05,Tesla,268.4,17940,5157077
2024-01-06,Tesla,274.62,18112,5276569
2024-01-07,Tesla,275.47,18285,5292782
2024-01-08,Tesla,266.88,18458,5127904
2024-01-09,Tesla,270.48,18630,5197024
2024-01-10,Tesla,275.42,18802,5291912
2024-01-11,Tesla,276.51,18975,5312882
2024-01-12,Tesla,278.67,19148,5354308
2024-01-13,Tesla,276.96,19320,5321449
2024-01-14,Tesla,289.27,19492,5558078
2024-01-15,Tesla,282.09,17250,5420015
2024-01-16,Tesla,277.66,17422,5334864
2024-01-17,Tesla,278.13,17595,5344040
2024-01-18,Tesla,285.64,17768,5488365
2024-01-19,Tesla,273.58,17940,5256628
2024-01-20,Tesla,263.52,18112,5063325
2024-01-21,Tesla,248.25,18285,4769826
2024-01-22,Tesla,248.83,18458,4781047
2024-01-23,Tesla,241.07,18630,4631975
2024-01-24,Tesla,238.71,18802,4586567
2024-01-25,Tesla,243.64,18975,4681362
2024-01-26,Tesla,239.43,19148,4600421
2024-01-27,Tesla,241.38,19320,4637859
2024-01-28,Tesla,239.61,19492,4603906
2024-01-29,Tesla,244.64,17250,4700500
2024-01-30,Tesla,248.37,17422,4772146
2024-01-31,Tesla,243.71,17595,4682628
2024-02-01,Tesla,242.85,17768,4666177
2024-02-02,Tesla,250.58,17940,4814597
2024-02-03,Tesla,253.8,18112,4876514
2024-02-04,Tesla,243.83,18285,4684876
2024-02-05,Tesla,248.82,18458,4780918
2024-02-06,Tesla,241.31,18630,4636543
2024-02-07,Tesla,251.58,18802,4833832
2024-02-08,Tesla,259.44,18975,4984819
2024-02-09,Tesla,261.99,19148,5033896
2024-02-10,Tesla,263.56,19320,5064002
2024-02-11,Tesla,262.32,19492,5040253
2024-02-12,Tesla,267.87,17250,5146943
2024-02-13,Tesla,265.36,17422,5098552
2024-02-14,Tesla,267.55,17595,5140681
2024-02-15,Tesla,274.72,17768,5278462
2024-02-16,Tesla,270.61,17940,5199458
2024-02-17,Tesla,266.13,18112,5113399
2024-02-18,Tesla,257.24,18285,4942633
2024-02-19,Tesla,249.62,18458,4796274
2024-02-20,Tesla,236.68,18630,4547505
2024-02-21,Tesla,242.04,18802,4650562
2024-02-22,Tesla,255.13,18975,4902155
2024-02-23,Tesla,266.09,19148,5112578
2024-02-24,Tesla,253.85,19320,4877536
2024-02-25,Tesla,259.57,19492,4987366
2024-02-26,Tesla,270.69,17250,5200977
2024-02-27,Tesla,267.46,17422,5139042
2024-02-28,Tesla,268.63,17595,5161425
2024-02-29,Tesla,253.29,17768,4866726
2024-03-01,Tesla,255.61,17940,4911359
2024-03-02,Tesla,248.05,18112,4766056
2024-03-03,Tesla,249.84,18285,4800448
2024-03-04,Tesla,238.83,18458,4588831
2024-03-05,Tesla,242.94,18630,4667828
2024-03-06,Tesla,250.53,18802,4813686
2024-03-07,Tesla,245.16,18975,4710593
2024-03-08,Tesla,237.39,19148,4561163
2024-03-09,Tesla,222.81,19320,4281053
2024-03-10,Tesla,221.39,19492,4253819
2024-03-11,Tesla,217.95,17250,4187699
2024-03-12,Tesla,208.41,17422,4004335
2024-03-13,Tesla,211.45,17595,4062790
2024-03-14,Tesla,208.97,17768,4015218
2024-03-15,Tesla,202.72,17940,3895004
2024-03-16,Tesla,199.73,18112,3837528
2024-03-17,Tesla,206.24,18285,3962671
2024-03-18,Tesla,210.15,18458,4037826
2024-03-19,Tesla,209.65,18630,4028183
2024-03-20,Tesla,213.72,18802,4106477
2024-03-21,Tesla,206.79,18975,3973340
2024-03-22,Tesla,207.28,19148,3982650
2024-03-23,Tesla,208.46,19320,4005319
2024-03-24,Tesla,205.9,19492,3956102
2024-03-25,Tesla,208.8,17250,4011829
2024-03-26,Tesla,204.34,17422,3926231
2024-03-27,Tesla,207.66,17595,3990043
2024-03-28,Tesla,211.29,17768,4059778
2024-03-29,Tesla,193.63,17940,3720436
2024-03-30,Tesla,200.62,18112,3854660
2024-03-31,Tesla,183.09,18285,3517811
2024-04-01,Tesla,180.06,18458,3459600
2024-04-02,Tesla,185.69,18630,3567788
2024-04-03,Tesla,184.23,18802,3539804
2024-04-04,Tesla,176.62,18975,3393558
2024-04-05,Tesla,171.24,19148,3290176
2024-04-06,Tesla,176.6,19320,3393215
2024-04-07,Tesla,166.96,19492,3208014
2024-04-08,Tesla,172.69,17250,3318021
2024-04-09,Tesla,172.65,17422,3317340
2024-04-10,Tesla,166.9,17595,3206745
2024-04-11,Tesla,164.29,17768,3156758
2024-04-12,Tesla,159.66,17940,3067627
2024-04-13,Tesla,163.91,18112,3149336
2024-04-14,Tesla,167.64,18285,3220946
2024-04-15,Tesla,159.47,18458,3064135
2024-04-16,Tesla,157.82,18630,3032397
2024-04-17,Tesla,154.07,18802,2960385
2024-04-18,Tesla,160.1,18975,3076089
2024-04-19,Tesla,154.02,19148,2959405
2024-04-20,Tesla,161.44,19320,3101860
2024-04-21,Tesla,161.51,19492,3103194
2024-04-22,Tesla,156.27,17250,3002492
2024-04-23,Tesla,153.4,17422,2947453
2024-04-24,Tesla,150.03,17595,2882745
2024-04-25,Tesla,144.67,17768,2779734
2024-04-26,Tesla,145.27,17940,2791305
2024-04-27,Tesla,140.28,18112,2695359
2024-04-28,Tesla,131.57,18285,2527920
2024-04-29,Tesla,130.3,18458,2503497
2024-04-30,Tesla,123.63,18630,2375511
2024-05-01,Tesla,121.1,18802,2326782
2024-05-02,Tesla,118.06,18975,2268415
2024-05-03,Tesla,115.23,19148,2214015
2024-05-04,Tesla,122.11,19320,2346180
2024-05-05,Tesla,122.48,19492,2353320
2024-05-06,Tesla,123.53,17250,2373437
2024-05-07,Tesla,117.31,17422,2253930
2024-05-08,Tesla,115.24,17595,2214143
2024-05-09,Tesla,116.12,17768,2231131
2024-05-10,Tesla,112.82,17940,2167660
2024-05-11,Tesla,115.96,18112,2228040
2024-05-12,Tesla,112.06,18285,2153092
2024-05-13,Tesla,111.28,18458,2138144
2024-05-14,Tesla,109.54,18630,2104631
2024-05-15,Tesla,110.21,18802,2117653
2024-05-16,Tesla,108.31,18975,2081103
2024-05-17,Tesla,107.61,19148,2067593
2024-05-18,Tesla,107.02,19320,2056264
2024-05-19,Tesla,104.88,19492,2015149
2024-05-20,Tesla,106.51,17250,2046449
2024-05-21,Tesla,107.4,17422,2063526
2024-05-22,Tesla,107.27,17595,2061088
2024-05-23,Tesla,106.08,17768,2038126
2024-05-24,Tesla,108.69,17940,2088276
2024-05-25,Tesla,108.09,18112,2076852
2024-05-26,Tesla,107.28,18285,2061203
2024-05-27,Tesla,107.75,18458,2070375
2024-05-28,Tesla,113.23,18630,2175606
2024-05-29,Tesla,108.97,18802,2093697
2024-05-30,Tesla,111.56,18975,2143586
2024-05-31,Tesla,105.57,19148,2028360
2024-06-01,Tesla,106.38,19320,2044039
2024-06-02,Tesla,111.41,19492,2140696
2024-06-03,Tesla,113.16,17250,2174169
2024-06-04,Tesla,113.88,17422,2188020
2024-06-05,Tesla,112.18,17595,2155358
2024-06-06,Tesla,112.43,17768,2160325
2024-06-07,Tesla,111.77,17940,2147485
2024-06-08,Tesla,109.36,18112,2101318
2024-06-09,Tesla,108.59,18285,2086515
2024-06-10,Tesla,109.37,18458,2101495
2024-06-11,Tesla,107.08,18630,2057465
2024-06-12,Tesla,104.72,18802,2012017
2024-06-13,Tesla,100.71,18975,1935101
2024-06-14,Tesla,102.0,19148,1959837
2024-06-15,Tesla,103.76,19320,1993717
2024-06-16,Tesla,104.61,19492,2009964
2024-06-17,Tesla,107.7,17250,2069295
2024-06-18,Tesla,108.12,17422,2077489
2024-06-19,Tesla,109.51,17595,2104124
2024-06-20,Tesla,110.63,17768,2125695
2024-06-21,Tesla,110.49,17940,2123002
2024-06-22,Tesla,108.94,18112,2093143
2024-06-23,Tesla,116.12,18285,2231092
2024-06-24,Tesla,114.75,18458,2204839
2024-06-25,Tesla,112.69,18630,2165154
2024-06-26,Tesla,114.27,18802,2195562
2024-06-27,Tesla,115.27,18975,2214745
2024-06-28,Tesla,110.71,19148,2127205
2024-06-29,Tesla,114.49,19320,2199758
2024-06-30,Tesla,114.33,19492,2196801
2024-07-01,Tesla,110.79,17250,2128777
2024-07-02,Tesla,114.79,17422,2205483
2024-07-03,Tesla,117.04,17595,2248773
2024-07-04,Tesla,112.89,17768,2169076
2024-07-05,Tesla,118.89,17940,2284416
2024-07-06,Tesla,121.34,18112,2331459
2024-07-07,Tesla,121.48,18285,2334031
2024-07-08,Tesla,127.27,18458,2445430
2024-07-09,Tesla,128.04,18630,2460202
2024-07-10,Tesla,128.12,18802,2461634
2024-07-11,Tesla,125.83,18975,2417726
2024-07-12,Tesla,128.14,19148,2462095
2024-07-13,Tesla,130.1,19320,2499728
2024-07-14,Tesla,130.34,19492,2504296
2024-07-15,Tesla,127.52,17250,2450166
2024-07-16,Tesla,128.18,17422,2462871
2024-07-17,Tesla,128.1,17595,2461311
2024-07-18,Tesla,123.3,17768,2369139
2024-07-19,Tesla,118.19,17940,2270870
2024-07-20,Tesla,120.3,18112,2311439
2024-07-21,Tesla,111.35,18285,2139464
2024-07-22,Tesla,112.17,18458,2155263
2024-07-23,Tesla,110.77,18630,2128261
2024-07-24,Tesla,115.14,18802,2212356
2024-07-25,Tesla,113.65,18975,2183648
2024-07-26,Tesla,115.99,19148,2228659
2024-07-27,Tesla,114.81,19320,2206009
2024-07-28,Tesla,115.35,19492,2216407
2024-07-29,Tesla,117.99,17250,2267089
2024-07-30,Tesla,116.57,17422,2239712
2024-07-31,Tesla,120.11,17595,2307873
2024-08-01,Tesla,116.81,17768,2244292
2024-08-02,Tesla,117.97,17940,2266695
2024-08-03,Tesla,121.31,18112,2330796
2024-08-04,Tesla,123.81,18285,2378878
2024-08-05,Tesla,130.9,18458,2515027
2024-08-06,Tesla,128.17,18630,2462610
2024-08-07,Tesla,123.2,18802,2367112
2024-08-08,Tesla,119.8,18975,2301855
2024-08-09,Tesla,122.27,19148,2349367
2024-08-10,Tesla,124.22,19320,2386737
2024-08-11,Tesla,124.76,19492,2397188
2024-08-12,Tesla,120.86,17250,2322119
2024-08-13,Tesla,123.72,17422,2377250
2024-08-14,Tesla,119.48,17595,2295758
2024-08-15,Tesla,123.69,17768,2376486
2024-08-16,Tesla,134.15,17940,2577648
2024-08-17,Tesla,135.77,18112,2608775
2024-08-18,Tesla,138.27,18285,2656745
2024-08-19,Tesla,136.48,18458,2622317
2024-08-20,Tesla,129.47,18630,2487694
2024-08-21,Tesla,127.38,18802,2447495
2024-08-22,Tesla,123.5,18975,2372994
2024-08-23,Tesla,118.47,19148,2276281
2024-08-24,Tesla,124.58,19320,2393687
2024-08-25,Tesla,125.75,19492,2416066
2024-08-26,Tesla,127.31,17250,2446174
2024-08-27,Tesla,126.34,17422,2427576
2024-08-28,Tesla,125.88,17595,2418749
2024-08-29,Tesla,129.6,17768,2490103
2024-08-30,Tesla,129.66,17940,2491243
2024-08-31,Tesla,131.84,18112,2533248
2024-09-01,Tesla,131.28,18285,2522329
2024-09-02,Tesla,130.15,18458,2500717
2024-09-03,Tesla,125.0,18630,2401719
2024-09-04,Tesla,117.97,18802,2266699
2024-09-05,Tesla,117.24,18975,2252599
2024-09-06,Tesla,117.59,19148,2259461
2024-09-07,Tesla,113.35,19320,2177964
2024-09-08,Tesla,113.4,19492,2178826
2024-09-09,Tesla,113.73,17250,2185288
2024-09-10,Tesla,106.75,17422,2051086
2024-09-11,Tesla,104.05,17595,1999275
2024-09-12,Tesla,105.43,17768,2025795
2024-09-13,Tesla,106.77,17940,2051474
2024-09-14,Tesla,103.33,18112,1985396
2024-09-15,Tesla,103.95,18285,1997340
2024-09-16,Tesla,107.19,18458,2059629
2024-09-17,Tesla,109.77,18630,2109140
2024-09-18,Tesla,109.62,18802,2106238
2024-09-19,Tesla,108.28,18975,2080471
2024-09-20,Tesla,106.45,19148,2045238
2024-09-21,Tesla,108.05,19320,2075976
2024-09-22,Tesla,108.81,19492,2090683
2024-09-23,Tesla,110.96,17250,2131946
2024-09-24,Tesla,111.54,17422,2143121
2024-09-25,Tesla,114.36,17595,2197242
2024-09-26,Tesla,114.83,17768,2206373
2024-09-27,Tesla,117.62,17940,2259901
2024-09-28,Tesla,120.77,18112,2320398
2024-09-29,Tesla,118.1,18285,2269260
2024-09-30,Tesla,112.05,18458,2152899
2024-10-01,Tesla,117.24,18630,2252722
2024-10-02,Tesla,118.28,18802,2272721
2024-10-03,Tesla,112.54,18975,2162383
2024-10-04,Tesla,110.36,19148,2120442
2024-10-05,Tesla,113.0,19320,2171093
2024-10-06,Tesla,112.23,19492,2156443
2024-10-07,Tesla,110.72,17250,2127292
2024-10-08,Tesla,115.39,17422,2217090
2024-10-09,Tesla,112.03,17595,2152549
2024-10-10,Tesla,109.58,17768,2105509
2024-10-11,Tesla,110.41,17940,2121424
2024-10-12,Tesla,111.82,18112,2148525
2024-10-13,Tesla,113.59,18285,2182601
2024-10-14,Tesla,116.77,18458,2243599
2024-10-15,Tesla,117.61,18630,2259720
2024-10-16,Tesla,119.45,18802,2295101
2024-10-17,Tesla,118.71,18975,2280982
2024-10-18,Tesla,119.1,19148,2288342
2024-10-19,Tesla,119.64,19320,2298715
2024-10-20,Tesla,120.55,19492,2316338
2024-10-21,Tesla,123.44,17250,2371714
2024-10-22,Tesla,125.61,17422,2413392
2024-10-23,Tesla,125.94,17595,2419880
2024-10-24,Tesla,123.15,17768,2366225
2024-10-25,Tesla,123.57,17940,2374203
2024-10-26,Tesla,123.64,18112,2375589
2024-10-27,Tesla,124.51,18285,2392284
2024-10-28,Tesla,132.69,18458,2549417
2024-10-29,Tesla,130.85,18630,2514085
2024-10-30,Tesla,132.64,18802,2548534
2024-10-31,Tesla,136.95,18975,2631432
2024-11-01,Tesla,137.54,19148,2642629
2024-11-02,Tesla,147.1,19320,2826316
2024-11-03,Tesla,145.68,19492,2799145
2024-11-04,Tesla,147.26,17250,2829493
2024-11-05,Tesla,144.04,17422,2767607
2024-11-06,Tesla,142.77,17595,2743138
2024-11-07,Tesla,144.0,17768,2766872
2024-11-08,Tesla,147.76,17940,2838965
2024-11-09,Tesla,149.34,18112,2869331
2024-11-10,Tesla,155.02,18285,2978601
2024-11-11,Tesla,154.81,18458,2974531
2024-11-12,Tesla,153.53,18630,2949910
2024-11-13,Tesla,165.84,18802,3186422
2024-11-14,Tesla,167.98,18975,3227480
2024-11-15,Tesla,164.69,19148,3164348
2024-11-16,Tesla,161.59,19320,3104775
2024-11-17,Tesla,157.38,19492,3023855
2024-11-18,Tesla,161.89,17250,3110595
2024-11-19,Tesla,160.4,17422,3081929
2024-11-20,Tesla,161.22,17595,3097679
2024-11-21,Tesla,161.15,17768,3096285
2024-11-22,Tesla,164.81,17940,3166604
2024-11-23,Tesla,160.97,18112,3092922
2024-11-24,Tesla,156.15,18285,3000335
2024-11-25,Tesla,157.39,18458,3024142
2024-11-26,Tesla,160.37,18630,3081322
2024-11-27,Tesla,162.15,18802,3115487
2024-11-28,Tesla,158.55,18975,3046379
2024-11-29,Tesla,161.9,19148,3110771
2024-11-30,Tesla,158.62,19320,3047712
2024-12-01,Tesla,156.43,19492,3005672
2024-12-02,Tesla,152.35,17250,2927223
2024-12-03,Tesla,158.34,17422,3042283
2024-12-04,Tesla,161.48,17595,3102683
2024-12-05,Tesla,164.55,17768,3161713
2024-12-06,Tesla,170.76,17940,3281021
2024-12-07,Tesla,184.99,18112,3554467
2024-12-08,Tesla,176.04,18285,3382447
2024-12-09,Tesla,172.5,18458,3314422
2024-12-10,Tesla,169.65,18630,3259564
2024-12-11,Tesla,165.68,18802,3183332
2024-12-12,Tesla,160.71,18975,3087853
2024-12-13,Tesla,159.53,19148,3065220
2024-12-14,Tesla,154.1,19320,2960869
2024-12-15,Tesla,155.82,19492,2993914
2024-12-16,Tesla,156.27,17250,3002615
2024-12-17,Tesla,158.68,17422,3048897
2024-12-18,Tesla,161.25,17595,3098264
2024-12-19,Tesla,164.31,17768,3157031
2024-12-20,Tesla,162.75,17940,3127106
2024-12-21,Tesla,173.04,18112,3324726
2024-12-22,Tesla,174.46,18285,3352088
2024-12-23,Tesla,165.24,18458,3174896
2024-12-24,Tesla,160.64,18630,3086626
2024-12-25,Tesla,152.72,18802,2934435
2024-12-26,Tesla,153.01,18975,2940025
2024-12-27,Tesla,152.69,19148,2933709
2024-12-28,Tesla,150.82,19320,2897780
2024-12-29,Tesla,159.86,19492,3071603
2024-12-30,Tesla,162.64,17250,3125029
